STAGE 4 — tau NUMERICAL COMPARISON
==============================================================================================================

STRUCTURAL CHECK
--------------------------------------------------------------------------------------------------------------
Reference shape : (58, 1670)
Baseline shape  : (58, 1670)
Shape identical : True
Number of atmospheric interfaces : 58
Number of wavelength bins       : 1670

NUMERICAL RANGE
--------------------------------------------------------------------------------------------------------------
Reference minimum |tau| : 0.000000000000e+00
Reference maximum |tau| : 2.071031254989e+11
Baseline minimum |tau|  : 0.000000000000e+00
Baseline maximum |tau|  : 2.071031057064e+11

RELATIVE-ERROR THRESHOLD
--------------------------------------------------------------------------------------------------------------
Largest |reference tau| : 2.071031254989e+11
Relative-error threshold: 2.071031254989e-01
Note: this threshold is numerical only.

OVERALL COMPARISON
--------------------------------------------------------------------------------------------------------------
Total elements compared       : 96860
Exactly identical elements    : 1670
Exact-match fraction          : 1.724138%
Meaningful elements           : 84885
Overall maximum absolute diff : 3.357452165222e+04
Overall maximum relative diff : 3.214780018892e-01
Overall mean relative diff    : 5.605062994890e-03
Overall median relative diff  : 1.594248394694e-05

LARGEST ABSOLUTE DISCREPANCY
--------------------------------------------------------------------------------------------------------------
Atmospheric index             : 2
Wavelength-bin index         : 12
Reference tau                 : 5.294975002232e+10
Baseline tau                  : 5.294978359684e+10
Absolute difference           : 3.357452165222e+04
Relative difference           : 6.340827225449e-07

==============================================================================================================
ATMOSPHERIC-LEVEL SUMMARY
==============================================================================================================
   Level             Max Abs             Max Rel            Mean Rel    Meaningful
--------------------------------------------------------------------------------------------------------------
       0        2.300476e+04        1.248021e-03        1.159494e-04          1670
       1        2.297374e+04        1.248021e-03        1.159494e-04          1670
       2        3.357452e+04        1.203981e-03        1.164247e-04          1670
       3        1.653319e+04        1.161692e-03        1.204364e-04          1670
       4        1.309056e+04        1.121165e-03        1.285830e-04          1670
       5        2.014518e+04        1.078438e-03        1.447494e-04          1670
       6        1.403161e+04        1.026541e-03        1.713109e-04          1670
       7        3.211849e+04        9.634220e-04        2.102714e-04          1670
       8        1.530562e+04        9.413822e-04        2.657474e-04          1670
       9        1.934269e+04        1.100454e-03        3.432269e-04          1670
      10        2.515673e+04        1.293165e-03        4.638231e-04          1670
      11        9.889700e+03        1.553968e-03        5.660499e-04          1670
      12        2.154151e+04        1.908452e-03        6.874790e-04          1670
      13        2.236859e+04        2.326093e-03        8.329255e-04          1670
      14        1.146283e+04        2.820859e-03        1.009636e-03          1670
      15        7.167346e+03        3.414381e-03        1.233764e-03          1670
      16        7.311631e+03        4.139768e-03        1.496994e-03          1670
      17        7.408819e+03        5.048584e-03        1.828289e-03          1670
      18        7.473437e+03        6.224332e-03        2.256567e-03          1670
      19        7.489941e+03        7.803389e-03        2.826730e-03          1670
      20        1.092441e+04        9.921576e-03        3.586743e-03          1670
      21        9.450529e+03        1.280926e-02        4.616591e-03          1670
      22        9.689095e+03        1.683830e-02        6.042185e-03          1670
      23        7.520981e+03        2.267415e-02        8.084908e-03          1670
      24        7.526777e+03        3.155382e-02        1.114393e-02          1670
      25        7.527898e+03        4.617130e-02        1.605983e-02          1670
      26        7.530596e+03        7.394909e-02        2.513873e-02          1670
      27        7.518812e+03        1.431217e-01        4.643402e-02          1670
      28        4.678704e+03        3.214780e-01        9.009314e-02          1670
      29        3.826694e+02        2.931160e-01        5.175548e-02          1670
      30        2.940891e+02        5.544636e-02        6.384976e-03          1670
      31        1.801209e+02        1.728693e-03        1.894925e-04          1670
      32        2.117030e+02        1.765353e-05        2.528539e-06          1670
      33        3.051860e+01        1.576298e-05        3.108208e-06          1670
      34        3.326532e+01        1.787209e-05        4.980348e-06          1670
      35        5.415401e+01        3.632905e-05        6.111438e-06          1670
      36        5.773754e+01        1.759582e-04        2.340713e-05          1670
      37        3.129187e+01        2.616487e-05        7.309528e-06          1670
      38        3.105987e+01        3.269149e-05        1.024275e-05          1670
      39        2.979953e+01        5.490998e-05        1.858778e-05          1670
      40        2.083008e+01        6.237459e-05        2.190025e-05          1670
      41        2.901997e+01        8.167107e-05        3.009714e-05          1670
      42        2.724393e+01        1.021603e-04        3.893107e-05          1670
      43        1.902728e+01        1.200996e-04        4.654875e-05          1670
      44        1.353741e+01        1.142823e-04        9.912205e-06          1046
      45        1.137880e+01        1.022775e-04        8.676088e-06           997
      46        9.225031e+00        9.171218e-05        9.101198e-06           966
      47        6.250829e+00        7.650417e-05        9.593884e-06           945
      48        5.408400e+00        9.577849e-05        1.277175e-05           923
      49        4.832376e+00        1.485510e-04        1.868512e-05           903
      50        3.823113e+00        2.033274e-04        2.455223e-05           874
      51        2.980800e+00        2.717299e-04        3.272956e-05           845
      52        2.132028e+00        3.377597e-04        4.107792e-05           825
      53        1.475290e+00        4.161470e-04        5.106270e-05           811
      54        1.000624e+00        5.248883e-04        6.521608e-05           788
      55        5.913932e-01        6.352372e-04        7.945606e-05           766
      56        2.704277e-01        7.757417e-04        9.800285e-05           716
      57        0.000000e+00        0.000000e+00        0.000000e+00             0

WORST LEVEL BY ABSOLUTE DIFFERENCE
--------------------------------------------------------------------------------------------------------------
Level                         : 2
Wavelength-bin               : 12
Maximum absolute difference  : 3.357452165222e+04
Maximum relative difference  : 1.203981224274e-03
Mean relative difference     : 1.164246958861e-04

WORST LEVEL BY RELATIVE DIFFERENCE
--------------------------------------------------------------------------------------------------------------
Level                         : 28
Maximum relative difference  : 3.214780018892e-01
Mean relative difference     : 9.009313822653e-02
Meaningful wavelength bins   : 1670/1670

==============================================================================================================
WAVELENGTH-BIN SUMMARY
==============================================================================================================
     Bin             Max Abs             Max Rel            Mean Rel    Meaningful
--------------------------------------------------------------------------------------------------------------
       0        7.435700e+03        1.807203e-05        2.052032e-06            57
       1        7.068298e+03        4.317765e-06        8.007841e-07            57
       2        9.327413e+03        7.087767e-05        6.516788e-06            57
       3        1.151512e+04        1.092524e-04        9.713775e-06            57
       4        1.399367e+04        1.771393e-04        1.545429e-05            57
       5        1.668173e+04        3.025280e-04        2.611148e-05            57
       6        1.905308e+04        3.971554e-04        3.410428e-05            57
       7        2.140675e+04        5.048372e-04        4.319654e-05            57
       8        2.356444e+04        5.472089e-04        4.670812e-05            57
       9        2.531722e+04        4.534070e-04        3.864152e-05            57
      10        2.737880e+04        4.617607e-04        3.928927e-05            57
      11        3.008710e+04        5.639581e-04        4.790731e-05            57
      12        3.357452e+04        6.533166e-04        5.542848e-05            57
      13        3.241238e+04        7.757417e-04        6.587631e-05            57
      14        2.502602e+04        7.072130e-04        6.031038e-05            57
      15        1.899581e+04        4.334280e-04        3.726295e-05            57
      16        1.297946e+04        2.221202e-04        1.949968e-05            57
      17        7.125460e+03        6.469692e-05        6.375244e-06            57
      18        6.670638e+03        5.685564e-05        5.723982e-06            57
      19        6.147128e+03        4.267932e-05        4.503022e-06            57
      20        5.785679e+03        4.123458e-05        4.437586e-06            57
      21        1.509455e+04        9.210135e-05        8.166555e-06            57
      22        1.937236e+04        9.210058e-05        8.041082e-06            57
      23        1.332310e+04        9.210153e-05        8.244525e-06            57
      24        8.527429e+03        9.210364e-05        8.715065e-06            57
      25        6.771927e+03        9.210543e-05        9.161707e-06            57
      26        7.278067e+03        9.210437e-05        8.989248e-06            57
      27        7.586284e+03        9.210371e-05        8.901262e-06            57
      28        7.828963e+03        9.210317e-05        8.839432e-06            57
      29        8.263762e+03        9.210254e-05        8.744107e-06            57
      30        8.158981e+03        9.210231e-05        8.760510e-06            57
      31        1.090500e+04        9.210087e-05        8.391959e-06            57
      32        1.295686e+04        9.210049e-05        8.247444e-06            57
      33        1.464599e+04        9.210029e-05        8.166096e-06            57
      34        1.982153e+04        9.209983e-05        8.020429e-06            57
      35        1.773586e+04        9.210004e-05        8.066781e-06            57
      36        1.352400e+04        9.210063e-05        8.218580e-06            57
      37        8.877560e+03        9.210220e-05        8.636201e-06            57
      38        8.181880e+03        9.210293e-05        8.763470e-06            57
      39        8.281907e+03        9.210283e-05        8.747683e-06            57
      40        8.823862e+03        9.210267e-05        8.653839e-06            57
      41        8.833623e+03        9.210281e-05        8.652621e-06            57
      42        8.877259e+03        9.210282e-05        8.646303e-06            57
      43        8.895395e+03        9.210282e-05        8.643939e-06            57
      44        7.941482e+03        9.210361e-05        8.837970e-06            57
      45        9.940863e+03        9.210231e-05        8.510599e-06            57
      46        1.436072e+04        9.210102e-05        8.186040e-06            57
      47        1.700885e+04        9.210064e-05        8.091633e-06            57
      48        1.725525e+04        9.210064e-05        8.084988e-06            57
      49        1.383735e+04        9.210132e-05        8.224182e-06            57
      50        8.994176e+03        9.210381e-05        8.738067e-06            57
      51        7.940486e+03        9.210524e-05        9.051948e-06            57
      52        8.221143e+03        9.210484e-05        9.016872e-06            57
      53        8.883609e+03        9.210407e-05        8.875581e-06            57
      54        9.650105e+03        9.210382e-05        8.750749e-06            57
      55        9.129084e+03        9.210501e-05        8.903802e-06            57
      56        8.418655e+03        9.210648e-05        9.169591e-06            57
      57        8.526189e+03        9.210630e-05        9.131454e-06            57
      58        8.898278e+03        9.210531e-05        8.929836e-06            57
      59        9.718346e+03        9.210385e-05        8.632739e-06            57
      60        1.492601e+04        9.210138e-05        8.162808e-06            57
      61        1.625132e+04        9.210039e-05        8.097128e-06            57
      62        1.049737e+04        9.210041e-05        8.381143e-06            57
      63        7.913951e+03        9.209948e-05        8.652900e-06            57
      64        6.655690e+03        9.209757e-05        8.884947e-06            57
      65        5.945169e+03        9.209097e-05        9.059698e-06            57
      66        5.926902e+03        9.208093e-05        8.995529e-06            57
      67        5.977198e+03        9.208635e-05        8.907954e-06            57
      68        5.711907e+03        9.209625e-05        8.932338e-06            57
      69        5.467633e+03        9.209840e-05        8.953770e-06            57
      70        4.519733e+03        9.210117e-05        9.337201e-06            57
      71        3.925128e+03        9.210502e-05        9.701584e-06            57
      72        4.678223e+03        9.210536e-05        9.074653e-06            57
      73        5.633514e+03        9.210515e-05        8.671602e-06            57
      74        9.816229e+03        9.210246e-05        8.131376e-06            57
      75        1.258287e+04        9.210198e-05        8.004110e-06            57
      76        1.018332e+04        9.210290e-05        8.087508e-06            57
      77        8.390924e+03        9.210398e-05        8.188785e-06            57
      78        3.603598e+03        9.211652e-05        9.399754e-06            57
      79        3.572012e+03        9.211693e-05        9.392200e-06            57
      80        3.945818e+03        9.211414e-05        9.093039e-06            57
      81        4.239096e+03        9.211243e-05        8.912890e-06            57
      82        4.322194e+03        9.211192e-05        8.853205e-06            57
      83        3.612319e+03        9.211646e-05        9.222346e-06            57
      84        3.461481e+03        9.211818e-05        9.309091e-06            57
      85        3.504965e+03        9.211794e-05        9.240912e-06            57
      86        4.407639e+03        9.211205e-05        8.735675e-06            57
      87        6.645931e+03        9.210628e-05        8.264513e-06            57
      88        9.503268e+03        9.210356e-05        8.050438e-06            57
      89        7.228964e+03        9.210539e-05        8.186242e-06            57
      90        3.347177e+03        9.211815e-05        9.189810e-06            57
      91        3.110217e+03        9.212001e-05        9.364178e-06            57
      92        3.241932e+03        9.211776e-05        9.210311e-06            57
      93        4.590782e+03        9.210957e-05        8.546663e-06            57
      94        7.051330e+03        9.210496e-05        8.158519e-06            57
      95        5.515492e+03        9.210725e-05        8.324258e-06            57
      96        3.826624e+03        9.211265e-05        8.738111e-06            57
      97        3.303286e+03        9.211635e-05        8.982641e-06            57
      98        3.321412e+03        9.211676e-05        8.941809e-06            57
      99        3.894878e+03        9.211362e-05        8.645427e-06            57
     100        6.781086e+03        9.210620e-05        8.127795e-06            57
     101        8.517466e+03        9.210448e-05        8.022412e-06            57
     102        5.583832e+03        9.210841e-05        8.252892e-06            57
     103        3.523644e+03        9.211706e-05        8.776875e-06            57
     104        3.126675e+03        9.212077e-05        9.008960e-06            57
     105        2.574701e+03        9.212956e-05        9.558945e-06            57
     106        2.717874e+03        9.212614e-05        9.373421e-06            57
     107        4.764147e+03        9.211005e-05        8.386706e-06            57
     108        6.211712e+03        9.210672e-05        8.178646e-06            57
     109        4.824085e+03        9.210987e-05        8.374964e-06            57
     110        3.701045e+03        9.211489e-05        8.693452e-06            57
     111        3.346845e+03        9.211743e-05        8.862863e-06            57
     112        2.956009e+03        9.212137e-05        9.133441e-06            57
     113        6.514700e+03        9.210594e-05        8.148557e-06            57
     114        7.494090e+03        9.210460e-05        8.075390e-06            57
     115        5.506157e+03        9.210707e-05        8.260754e-06            57
     116        4.967596e+03        9.210815e-05        8.346000e-06            57
     117        3.198659e+03        9.211655e-05        8.950846e-06            57
     118        2.410193e+03        9.212837e-05        9.791724e-06            57
     119        2.393517e+03        9.212908e-05        9.811486e-06            57
     120        2.781191e+03        9.212181e-05        9.278346e-06            57
     121        3.080471e+03        9.211815e-05        9.017375e-06            57
     122        4.100556e+03        9.211114e-05        8.539514e-06            57
     123        4.600801e+03        9.210910e-05        8.409805e-06            57
     124        3.459346e+03        9.211410e-05        8.782835e-06            57
     125        2.389956e+03        9.212773e-05        9.785484e-06            57
     126        1.981292e+03        9.214270e-05        1.090751e-05            57
     127        4.992069e+03        9.210774e-05        8.337059e-06            57
     128        2.583417e+04        9.210005e-05        7.808087e-06            57
     129        2.518124e+04        9.210001e-05        7.809973e-06            57
     130        6.029506e+03        9.210497e-05        8.190982e-06            57
     131        4.376807e+03        9.210848e-05        8.458681e-06            57
     132        3.504892e+03        9.211263e-05        8.752531e-06            57
     133        3.171409e+03        9.211518e-05        8.931655e-06            57
     134        2.481498e+03        9.212363e-05        9.591638e-06            57
     135        2.081676e+03        9.213386e-05        1.041831e-05            57
     136        1.973012e+03        9.213776e-05        1.076324e-05            57
     137        1.959962e+03        9.213738e-05        1.079334e-05            57
     138        2.050853e+03        9.213251e-05        1.047020e-05            57
     139        2.109972e+03        9.213042e-05        1.030264e-05            57
     140        2.130264e+03        9.213015e-05        1.025406e-05            57
     141        2.357466e+03        9.212411e-05        9.762082e-06            57
     142        2.870827e+03        9.211633e-05        9.131813e-06            57
     143        3.229620e+03        9.211307e-05        8.875829e-06            57
     144        2.876507e+03        9.211581e-05        9.120028e-06            57
     145        2.776092e+03        9.211672e-05        9.209932e-06            57
     146        2.731983e+03        9.211699e-05        9.252427e-06            57
     147        2.543399e+03        9.211901e-05        9.464869e-06            57
     148        2.728887e+03        9.211619e-05        9.255526e-06            57
     149        3.142478e+03        9.211231e-05        8.928193e-06            57
     150        4.171372e+03        9.210746e-05        8.499603e-06            57
     151        6.194265e+03        9.210364e-05        8.167861e-06            57
     152        7.196788e+03        9.210249e-05        8.087909e-06            57
     153        6.344996e+03        9.210266e-05        8.155594e-06            57
     154        5.941126e+03        9.210237e-05        8.197014e-06            57
     155        6.141302e+03        9.210203e-05        8.176698e-06            57
     156        6.350301e+03        9.210231e-05        8.157444e-06            57
     157        6.834828e+03        9.210249e-05        8.117655e-06            57
     158        7.993863e+03        9.210211e-05        8.045425e-06            57
     159        1.037195e+04        9.210127e-05        7.953720e-06            57
     160        1.534149e+04        9.210028e-05        7.862982e-06            57
     161        2.365439e+04        9.209961e-05        7.815695e-06            57
     162        2.666693e+04        9.209943e-05        7.806492e-06            57
     163        1.800940e+04        9.209978e-05        7.842373e-06            57
     164        9.601759e+03        9.210095e-05        7.980481e-06            57
     165        8.144952e+03        9.210143e-05        8.042301e-06            57
     166        9.807127e+03        9.210081e-05        7.974427e-06            57
     167        1.313368e+04        9.210009e-05        7.894959e-06            57
     168        1.650251e+04        9.209965e-05        7.853509e-06            57
     169        1.686026e+04        9.209959e-05        7.850993e-06            57
     170        1.344862e+04        9.210001e-05        7.890431e-06            57
     171        8.159297e+03        9.210129e-05        8.043978e-06            57
     172        5.056833e+03        9.210345e-05        8.337724e-06            57
     173        4.530389e+03        9.210412e-05        8.445984e-06            57
     174        4.292978e+03        9.210447e-05        8.510127e-06            57
     175        4.042633e+03        9.210494e-05        8.589317e-06            57
     176        3.457783e+03        9.210651e-05        8.836714e-06            57
     177        2.445632e+03        9.211284e-05        9.822362e-06            57
     178        1.912842e+03        9.212342e-05        1.152436e-05            57
     179        2.481694e+03        9.211180e-05        9.757825e-06            57
     180        3.593736e+03        9.210516e-05        8.773292e-06            57
     181        4.102195e+03        9.210400e-05        8.854814e-06            57
     182        3.622461e+03        9.210483e-05        9.009601e-06            57
     183        2.672395e+03        9.210847e-05        9.856551e-06            57
     184        1.999899e+03        9.211631e-05        1.108831e-05            57
     185        1.839794e+03        9.213130e-05        1.328720e-05            57
     186        1.821709e+03        9.214292e-05        1.528455e-05            57
     187        1.829829e+03        9.214787e-05        1.511927e-05            57
     188        1.873742e+03        9.213762e-05        1.272711e-05            57
     189        1.934423e+03        9.212860e-05        1.168433e-05            57
     190        1.869138e+03        9.213650e-05        1.288039e-05            57
     191        1.905071e+03        9.214950e-05        1.488294e-05            57
     192        1.863410e+03        1.430116e-04        1.949058e-05            57
     193        1.842775e+03        2.321491e-04        2.626957e-05            57
     194        1.830390e+03        3.413729e-04        3.438314e-05            57
     195        1.827319e+03        2.583132e-04        2.905416e-05            57
     196        1.848841e+03        9.212347e-05        1.428783e-05            57
     197        1.859100e+03        9.211492e-05        1.156467e-05            57
     198        1.795005e+03        9.214012e-05        1.481622e-05            57
     199        1.768886e+03        1.819588e-04        2.298414e-05            57
     200        1.750800e+03        3.096202e-04        3.261140e-05            57
     201        1.671564e+03        4.949597e-04        4.686942e-05            57
     202        1.651846e+03        7.106982e-04        6.400559e-05            57
     203        1.685951e+03        7.826206e-04        6.735901e-05            57
     204        1.725928e+03        4.024241e-04        4.201223e-05            57
     205        1.840095e+03        1.909306e-04        2.303050e-05            57
     206        1.624467e+03        2.289382e-04        2.624318e-05            57
     207        1.527977e+03        5.526754e-04        5.094098e-05            57
     208        1.499564e+03        7.468183e-04        6.554949e-05            57
     209        1.472158e+03        8.793790e-04        7.661780e-05            57
     210        1.443180e+03        1.308589e-03        1.113618e-04            57
     211        1.419527e+03        1.721401e-03        1.447458e-04            57
     212        1.396653e+03        1.201945e-03        1.048793e-04            57
     213        1.432331e+03        7.195862e-04        6.158546e-05            57
     214        1.357084e+03        4.297437e-04        4.426214e-05            57
     215        1.341515e+03        2.899280e-04        3.310484e-05            57
     216        1.311744e+03        7.220227e-04        6.368401e-05            57
     217        1.280004e+03        1.811376e-03        1.417609e-04            57
     218        1.256441e+03        2.780138e-03        2.136448e-04            57
     219        1.233122e+03        3.370396e-03        2.590639e-04            57
     220        1.209860e+03        3.721373e-03        2.679449e-04            56
     221        1.186553e+03        3.407659e-03        2.624007e-04            56
     222        1.163289e+03        2.322973e-03        1.890341e-04            56
     223        1.140415e+03        1.456234e-03        1.200882e-04            57
     224        1.120624e+03        1.215610e-03        9.826478e-05            57
     225        1.093674e+03        2.462209e-03        1.832291e-04            56
     226        1.070075e+03        4.646397e-03        3.375546e-04            56
     227        1.046770e+03        4.833126e-03        3.650803e-04            56
     228        1.023468e+03        4.913598e-03        3.741818e-04            56
     229        1.000170e+03        4.855879e-03        3.731546e-04            56
     230        9.768851e+02        4.232119e-03        3.276192e-04            56
     231        1.077276e+03        3.473030e-03        2.740167e-04            56
     232        1.177661e+03        3.211061e-03        2.495103e-04            57
     233        1.278028e+03        3.403043e-03        2.656904e-04            57
     234        1.378393e+03        3.965917e-03        3.050543e-04            57
     235        1.478743e+03        5.438752e-03        4.052141e-04            56
     236        1.579096e+03        5.901553e-03        4.748503e-04            56
     237        1.679458e+03        6.358420e-03        5.212899e-04            57
     238        1.779834e+03        5.748573e-03        4.837374e-04            57
     239        1.880216e+03        5.245913e-03        4.464489e-04            57
     240        1.980597e+03        4.961125e-03        4.288339e-04            57
     241        2.080969e+03        5.217812e-03        4.550880e-04            57
     242        2.181342e+03        5.381145e-03        4.688587e-04            57
     243        2.281712e+03        6.211043e-03        5.278379e-04            57
     244        2.382095e+03        6.411294e-03        5.300181e-04            57
     245        2.482460e+03        6.148878e-03        5.334868e-04            57
     246        2.582834e+03        5.874230e-03        5.184588e-04            57
     247        2.683209e+03        5.793666e-03        5.139571e-04            57
     248        2.783585e+03        5.392933e-03        4.837652e-04            57
     249        2.883960e+03        5.102914e-03        4.642033e-04            57
     250        2.984331e+03        5.249502e-03        4.746397e-04            57
     251        3.088034e+03        5.614166e-03        5.035375e-04            57
     252        3.191737e+03        5.792199e-03        5.124216e-04            57
     253        3.295441e+03        6.231278e-03        5.449755e-04            57
     254        3.399148e+03        6.342513e-03        5.510414e-04            57
     255        3.502865e+03        5.611400e-03        4.925475e-04            57
     256        3.720330e+03        5.063654e-03        4.542988e-04            57
     257        3.832388e+03        4.992728e-03        4.537917e-04            57
     258        3.944446e+03        5.250868e-03        4.737405e-04            57
     259        4.056509e+03        5.302052e-03        4.739920e-04            57
     260        4.168568e+03        5.303745e-03        4.748237e-04            57
     261        4.280625e+03        5.506346e-03        4.952981e-04            57
     262        4.392681e+03        5.828471e-03        5.257043e-04            57
     263        4.504753e+03        5.547028e-03        5.044697e-04            57
     264        4.616840e+03        4.758586e-03        4.412455e-04            57
     265        4.728921e+03        4.456042e-03        4.182575e-04            57
     266        4.840982e+03        4.944733e-03        4.603746e-04            57
     267        4.953038e+03        5.442198e-03        5.061502e-04            57
     268        5.065108e+03        5.333996e-03        4.985859e-04            57
     269        5.177176e+03        5.143789e-03        4.835503e-04            57
     270        5.289241e+03        5.059441e-03        4.786023e-04            57
     271        5.401298e+03        5.155317e-03        4.883970e-04            57
     272        5.513371e+03        4.759233e-03        4.531510e-04            57
     273        5.625454e+03        4.263507e-03        4.094420e-04            57
     274        5.737515e+03        4.374279e-03        4.164238e-04            57
     275        5.849569e+03        4.640758e-03        4.382097e-04            57
     276        5.961617e+03        4.872159e-03        4.578431e-04            57
     277        6.073668e+03        4.738436e-03        4.451181e-04            57
     278        6.185736e+03        4.218994e-03        4.009321e-04            57
     279        6.297809e+03        3.999265e-03        3.843718e-04            57
     280        6.409858e+03        4.150188e-03        3.978687e-04            57
     281        6.521933e+03        4.101036e-03        3.902287e-04            57
     282        6.634033e+03        3.674468e-03        3.558924e-04            57
     283        6.746111e+03        3.578960e-03        3.477769e-04            57
     284        6.858167e+03        3.813858e-03        3.676383e-04            57
     285        6.970204e+03        4.364377e-03        4.153305e-04            57
     286        7.082253e+03        4.642138e-03        4.388536e-04            57
     287        7.194332e+03        4.235850e-03        4.050870e-04            57
     288        7.306430e+03        3.599938e-03        3.494174e-04            57
     289        7.418557e+03        3.066834e-03        3.003582e-04            57
     290        7.530596e+03        3.301500e-03        3.213658e-04            57
     291        7.421345e+03        3.202079e-03        3.102792e-04            57
     292        7.312112e+03        2.934471e-03        2.854762e-04            57
     293        7.202867e+03        2.884623e-03        2.784683e-04            57
     294        7.093579e+03        3.181470e-03        3.024561e-04            57
     295        6.984278e+03        3.565997e-03        3.349773e-04            57
     296        6.875008e+03        3.560145e-03        3.349133e-04            57
     297        6.765773e+03        3.166201e-03        3.007472e-04            57
     298        6.656578e+03        2.536396e-03        2.452827e-04            57
     299        6.547403e+03        2.036100e-03        2.007539e-04            57
     300        6.438185e+03        1.841934e-03        1.831489e-04            57
     301        6.328937e+03        1.804802e-03        1.785270e-04            57
     302        6.219698e+03        1.735861e-03        1.713083e-04            57
     303        6.110438e+03        1.752426e-03        1.720801e-04            57
     304        6.001106e+03        2.023764e-03        1.954523e-04            57
     305        5.891771e+03        2.383159e-03        2.262376e-04            57
     306        5.782484e+03        2.505195e-03        2.361921e-04            57
     307        5.673247e+03        2.279966e-03        2.162170e-04            57
     308        5.564069e+03        1.766418e-03        1.717365e-04            57
     309        5.454991e+03        1.274004e-03        1.273289e-04            57
     310        5.345762e+03        1.170031e-03        1.187988e-04            57
     311        5.236520e+03        1.136508e-03        1.147133e-04            57
     312        5.127608e+03        9.989760e-04        1.019495e-04            57
     313        5.018288e+03        1.006241e-03        1.027242e-04            57
     314        4.908681e+03        1.217562e-03        1.211880e-04            57
     315        4.799311e+03        1.468849e-03        1.426614e-04            57
     316        4.690002e+03        1.603162e-03        1.535809e-04            57
     317        4.580751e+03        1.524404e-03        1.464841e-04            57
     318        4.471561e+03        1.245242e-03        1.228810e-04            57
     319        4.363353e+03        8.982033e-04        9.074032e-05            57
     320        4.255437e+03        6.572630e-04        6.996267e-05            57
     321        4.146124e+03        6.644932e-04        7.040434e-05            57
     322        4.036844e+03        6.839483e-04        7.152163e-05            57
     323        3.927841e+03        6.344032e-04        6.742456e-05            57
     324        3.818207e+03        6.583793e-04        6.977192e-05            57
     325        3.708191e+03        7.710101e-04        7.941845e-05            57
     326        3.598390e+03        8.860971e-04        8.908615e-05            57
     327        3.488966e+03        9.459561e-04        9.332337e-05            57
     328        3.379941e+03        8.980321e-04        8.840558e-05            57
     329        3.271469e+03        7.139571e-04        7.271685e-05            57
     330        3.164332e+03        4.591727e-04        5.039331e-05            57
     331        3.056870e+03        3.299904e-04        3.935281e-05            57
     332        2.947135e+03        3.482659e-04        4.087744e-05            57
     333        2.837245e+03        3.822269e-04        4.374599e-05            57
     334        3.602208e+03        3.942324e-04        4.531888e-05            57
     335        3.833889e+03        4.214101e-04        4.801871e-05            57
     336        2.726055e+03        4.764891e-04        5.247596e-05            57
     337        2.397986e+03        5.246126e-04        5.584434e-05            57
     338        2.288712e+03        5.345263e-04        5.586492e-05            57
     339        2.179723e+03        4.917015e-04        5.187934e-05            57
     340        2.072642e+03        3.798329e-04        4.213077e-05            57
     341        2.052006e+03        2.393370e-04        2.979853e-05            57
     342        2.027312e+03        1.721319e-04        2.413841e-05            57
     343        1.992322e+03        1.801543e-04        2.513097e-05            57
     344        1.958079e+03        2.206473e-04        2.858350e-05            57
     345        1.925215e+03        2.446949e-04        3.072419e-05            57
     346        1.892666e+03        2.687585e-04        3.288718e-05            57
     347        1.860413e+03        3.003403e-04        3.564075e-05            57
     348        1.828953e+03        3.406815e-04        3.892251e-05            57
     349        1.798683e+03        3.587732e-04        4.026247e-05            57
     350        1.769565e+03        3.410533e-04        3.853700e-05            57
     351        1.741958e+03        2.829971e-04        3.349440e-05            57
     352        1.719774e+03        1.957173e-04        2.573086e-05            57
     353        1.695639e+03        1.384182e-04        2.090223e-05            57
     354        1.660875e+03        1.463874e-04        2.172621e-05            57
     355        1.628333e+03        1.612186e-04        2.298871e-05            57
     356        1.596529e+03        1.641813e-04        2.331658e-05            57
     357        1.563118e+03        1.768748e-04        2.456828e-05            57
     358        1.531032e+03        1.964850e-04        2.623367e-05            57
     359        1.499208e+03        2.214416e-04        2.829784e-05            57
     360        1.467553e+03        2.510903e-04        3.063546e-05            57
     361        1.437476e+03        2.532299e-04        3.069409e-05            57
     362        1.409016e+03        2.165620e-04        2.761348e-05            57
     363        1.383740e+03        1.582105e-04        2.258096e-05            57
     364        1.360445e+03        1.189602e-04        1.905659e-05            57
     365        1.327636e+03        1.181114e-04        1.906839e-05            57
     366        1.293935e+03        1.307848e-04        2.016320e-05            57
     367        1.263553e+03        1.286276e-04        1.995036e-05            57
     368        1.231559e+03        1.309018e-04        2.019745e-05            57
     369        1.201025e+03        1.381682e-04        2.071438e-05            57
     370        1.168529e+03        1.566972e-04        2.226836e-05            57
     371        1.136496e+03        1.728430e-04        2.359745e-05            57
     372        1.105062e+03        1.725842e-04        2.365937e-05            57
     373        1.075249e+03        1.495565e-04        2.182744e-05            57
     374        1.149285e+03        1.120620e-04        1.852670e-05            57
     375        1.142812e+03        9.201381e-05        1.661987e-05            57
     376        9.923973e+02        9.413277e-05        1.683540e-05            57
     377        9.600137e+02        1.026075e-04        1.751520e-05            57
     378        9.270466e+02        1.058261e-04        1.782224e-05            57
     379        8.977956e+02        1.001426e-04        1.721181e-05            57
     380        8.666734e+02        1.003934e-04        1.723671e-05            57
     381        8.337632e+02        1.144804e-04        1.840140e-05            57
     382        8.024737e+02        1.229018e-04        1.903239e-05            57
     383        7.705894e+02        1.251659e-04        1.927979e-05            57
     384        7.386375e+02        1.189734e-04        1.890736e-05            57
     385        7.153457e+02        9.957553e-05        1.732066e-05            57
     386        9.886797e+02        9.200273e-05        1.542085e-05            57
     387        1.286396e+03        9.202628e-05        1.364456e-05            57
     388        1.244990e+03        9.203533e-05        1.257831e-05            57
     389        9.600055e+02        9.200804e-05        1.345568e-05            57
     390        6.429238e+02        9.198295e-05        1.472309e-05            57
     391        5.553259e+02        9.197961e-05        1.519158e-05            57
     392        5.508781e+02        9.197175e-05        1.555191e-05            57
     393        5.472895e+02        9.196756e-05        1.580034e-05            57
     394        5.433645e+02        9.196400e-05        1.610213e-05            57
     395        5.387155e+02        9.236287e-05        1.644613e-05            57
     396        5.348309e+02        9.196478e-05        1.641511e-05            57
     397        5.320116e+02        9.197670e-05        1.576143e-05            57
     398        5.312424e+02        9.200517e-05        1.436854e-05            57
     399        7.728348e+02        9.202557e-05        1.313244e-05            57
     400        1.142999e+03        9.202662e-05        1.298953e-05            57
     401        1.314414e+03        9.200595e-05        1.399175e-05            57
     402        1.167016e+03        9.198704e-05        1.517460e-05            57
     403        7.771979e+02        9.197800e-05        1.566706e-05            57
     404        5.092872e+02        9.197740e-05        1.574070e-05            57
     405        5.052747e+02        9.197718e-05        1.576826e-05            57
     406        5.008524e+02        9.197463e-05        1.598427e-05            57
     407        4.973900e+02        9.198246e-05        1.575698e-05            57
     408        4.953566e+02        9.199821e-05        1.497753e-05            57
     409        4.938232e+02        9.200726e-05        1.433166e-05            57
     410        4.911421e+02        9.200291e-05        1.431331e-05            57
     411        5.089850e+02        9.199398e-05        1.480325e-05            57
     412        6.390185e+02        9.198570e-05        1.540246e-05            57
     413        6.881595e+02        9.198338e-05        1.566365e-05            57
     414        7.715857e+02        9.197832e-05        1.611017e-05            57
     415        8.718853e+02        9.197745e-05        1.640183e-05            57
     416        6.497110e+02        9.197827e-05        1.631721e-05            57
     417        4.633681e+02        9.198082e-05        1.607829e-05            57
     418        4.599097e+02        9.198876e-05        1.562857e-05            57
     419        4.590146e+02        9.200908e-05        1.442493e-05            57
     420        4.574180e+02        9.201128e-05        1.381388e-05            57
     421        4.519114e+02        9.199433e-05        1.461952e-05            57
     422        4.469822e+02        9.198479e-05        1.554830e-05            57
     423        4.436936e+02        9.198719e-05        1.572957e-05            57
     424        4.409192e+02        9.199169e-05        1.548798e-05            57
     425        5.732331e+02        9.199450e-05        1.537256e-05            57
     426        8.681751e+02        9.199089e-05        1.567537e-05            57
     427        9.752543e+02        9.198549e-05        1.607593e-05            57
     428        6.098852e+02        9.198368e-05        1.605874e-05            57
     429        4.234081e+02        9.199018e-05        1.571745e-05            57
     430        4.203094e+02        9.199552e-05        1.524883e-05            57
     431        4.167948e+02        9.199567e-05        1.515623e-05            57
     432        4.136872e+02        9.199784e-05        1.505284e-05            57
     433        4.113033e+02        9.200295e-05        1.472419e-05            57
     434        4.079500e+02        9.200140e-05        1.463864e-05            57
     435        4.040275e+02        9.199577e-05        1.491314e-05            57
     436        4.004157e+02        9.198958e-05        1.537085e-05            57
     437        4.339838e+02        9.199176e-05        1.550856e-05            57
     438        3.941076e+02        9.199831e-05        1.511913e-05            57
     439        3.912030e+02        9.200231e-05        1.474477e-05            57
     440        6.858264e+02        9.200603e-05        1.469724e-05            57
     441        1.105064e+03        9.201101e-05        1.473855e-05            57
     442        7.344282e+02        9.201372e-05        1.441174e-05            57
     443        3.932448e+02        9.201255e-05        1.422947e-05            57
     444        3.940237e+02        9.200763e-05        1.449415e-05            57
     445        3.951286e+02        9.200326e-05        1.485317e-05            57
     446        3.967818e+02        9.200339e-05        1.499938e-05            57
     447        3.984947e+02        9.200498e-05        1.492488e-05            57
     448        4.001039e+02        9.200822e-05        1.478753e-05            57
     449        4.018104e+02        9.201192e-05        1.465488e-05            57
     450        4.040658e+02        9.201590e-05        1.448506e-05            57
     451        4.278728e+02        9.201966e-05        1.435376e-05            57
     452        4.072072e+02        9.201773e-05        1.436532e-05            57
     453        4.081815e+02        9.201544e-05        1.456739e-05            57
     454        4.095010e+02        9.201452e-05        1.471168e-05            57
     455        4.110496e+02        9.201500e-05        1.477798e-05            57
     456        4.126923e+02        9.201683e-05        1.469682e-05            57
     457        4.143383e+02        9.201840e-05        1.470427e-05            57
     458        4.156150e+02        9.201892e-05        1.474527e-05            57
     459        4.165622e+02        9.201330e-05        1.509236e-05            57
     460        4.181443e+02        9.201326e-05        1.521642e-05            57
     461        4.204967e+02        9.201974e-05        1.492454e-05            57
     462        4.228305e+02        9.202573e-05        1.445444e-05            57
     463        4.246246e+02        9.202703e-05        1.426780e-05            57
     464        4.264723e+02        9.202790e-05        1.422272e-05            57
     465        4.279312e+02        9.202855e-05        1.426119e-05            57
     466        4.288810e+02        9.202662e-05        1.447345e-05            57
     467        4.296125e+02        9.202167e-05        1.490733e-05            57
     468        4.307358e+02        9.201979e-05        1.528697e-05            57
     469        4.317371e+02        9.201729e-05        1.561170e-05            57
     470        4.336314e+02        9.201902e-05        1.556103e-05            57
     471        4.358740e+02        9.202469e-05        1.507498e-05            57
     472        4.383123e+02        9.203035e-05        1.464293e-05            57
     473        4.398972e+02        9.203164e-05        1.448554e-05            57
     474        4.418012e+02        9.203413e-05        1.436361e-05            57
     475        4.435179e+02        9.203521e-05        1.427905e-05            57
     476        4.446118e+02        9.203459e-05        1.437887e-05            57
     477        4.455010e+02        9.203171e-05        1.472629e-05            57
     478        4.460047e+02        9.202662e-05        1.528915e-05            57
     479        4.470659e+02        9.202289e-05        1.575802e-05            57
     480        4.490115e+02        9.202462e-05        1.572371e-05            57
     481        4.510160e+02        9.202697e-05        1.551342e-05            57
     482        4.536021e+02        9.203184e-05        1.518306e-05            57
     483        4.882899e+02        9.203521e-05        1.493276e-05            57
     484        4.798782e+02        9.203575e-05        1.489245e-05            57
     485        4.617695e+02        9.203844e-05        1.469568e-05            57
     486        4.613163e+02        9.204142e-05        1.448817e-05            57
     487        4.627435e+02        9.204081e-05        1.453306e-05            57
     488        4.630454e+02        9.203638e-05        1.498979e-05            57
     489        4.633898e+02        9.203203e-05        1.556639e-05            57
     490        4.650935e+02        9.203328e-05        1.560050e-05            57
     491        4.666743e+02        9.203240e-05        1.547205e-05            57
     492        4.675834e+02        9.202820e-05        1.574969e-05            57
     493        4.693447e+02        9.202778e-05        1.582900e-05            57
     494        4.710905e+02        9.202548e-05        1.588187e-05            57
     495        5.983404e+02        9.202803e-05        1.568282e-05            57
     496        7.837604e+02        9.203423e-05        1.505440e-05            57
     497        9.154876e+02        9.203572e-05        1.466386e-05            57
     498        9.162344e+02        9.203361e-05        1.469427e-05            57
     499        8.199401e+02        9.202639e-05        1.511768e-05            57
     500        7.136443e+02        9.201979e-05        1.566046e-05            57
     501        6.575362e+02        9.201148e-05        1.619424e-05            57
     502        6.340146e+02        9.200361e-05        1.684565e-05            57
     503        5.975972e+02        9.384659e-05        1.699594e-05            57
     504        5.462253e+02        9.200356e-05        1.672562e-05            57
     505        5.093412e+02        9.201269e-05        1.597430e-05            57
     506        5.006357e+02        9.201740e-05        1.533321e-05            57
     507        5.257600e+02        9.202074e-05        1.489347e-05            57
     508        5.618450e+02        9.201800e-05        1.484121e-05            57
     509        6.068426e+02        9.200896e-05        1.532106e-05            57
     510        7.365890e+02        9.200474e-05        1.575803e-05            57
     511        1.051440e+03        9.199989e-05        1.628014e-05            57
     512        1.598665e+03        9.199283e-05        1.709620e-05            57
     513        2.011038e+03        9.199027e-05        1.733297e-05            57
     514        1.905063e+03        9.199119e-05        1.710431e-05            57
     515        1.457249e+03        9.199071e-05        1.689081e-05            57
     516        1.086083e+03        9.198945e-05        1.661429e-05            57
     517        9.137236e+02        9.199203e-05        1.644880e-05            57
     518        8.572632e+02        9.198820e-05        1.647493e-05            57
     519        8.473606e+02        9.198574e-05        1.643111e-05            57
     520        8.385910e+02        9.198713e-05        1.602103e-05            57
     521        7.818453e+02        9.199320e-05        1.566660e-05            57
     522        6.840889e+02        9.198768e-05        1.593754e-05            57
     523        6.178848e+02        9.197840e-05        1.645834e-05            57
     524        6.564637e+02        9.197449e-05        1.659557e-05            57
     525        8.324773e+02        9.257177e-05        1.690722e-05            57
     526        1.117098e+03        9.570479e-05        1.733389e-05            57
     527        1.491975e+03        9.457048e-05        1.742978e-05            57
     528        2.038822e+03        9.566244e-05        1.782247e-05            57
     529        2.906630e+03        9.944093e-05        1.859837e-05            57
     530        3.649495e+03        9.906596e-05        1.880395e-05            57
     531        3.451521e+03        9.235547e-05        1.801283e-05            57
     532        2.463759e+03        9.196619e-05        1.721652e-05            57
     533        1.580381e+03        9.196140e-05        1.706144e-05            57
     534        1.121142e+03        9.196074e-05        1.676381e-05            57
     535        9.463181e+02        9.196156e-05        1.656633e-05            57
     536        9.008496e+02        9.195859e-05        1.677354e-05            57
     537        9.363806e+02        9.826257e-05        1.748694e-05            57
     538        9.908782e+02        1.060446e-04        1.820525e-05            57
     539        9.970027e+02        1.124245e-04        1.880886e-05            57
     540        9.415500e+02        1.203380e-04        1.946656e-05            57
     541        8.572333e+02        1.147289e-04        1.887003e-05            57
     542        8.155638e+02        1.032728e-04        1.780563e-05            57
     543        9.904054e+02        9.374097e-05        1.703940e-05            57
     544        1.625578e+03        9.194557e-05        1.685394e-05            57
     545        2.646214e+03        9.194100e-05        1.741363e-05            57
     546        3.721012e+03        9.335553e-05        1.823353e-05            57
     547        4.544430e+03        9.722639e-05        1.904146e-05            57
     548        4.744227e+03        1.010179e-04        1.953583e-05            57
     549        4.183296e+03        1.084532e-04        1.996145e-05            57
     550        3.286498e+03        1.124856e-04        1.986283e-05            57
     551        2.440624e+03        1.109813e-04        1.932834e-05            57
     552        1.753199e+03        1.136761e-04        1.927042e-05            57
     553        1.238125e+03        1.101773e-04        1.864243e-05            57
     554        9.160171e+02        9.954399e-05        1.752699e-05            57
     555        8.167532e+02        9.517911e-05        1.709074e-05            57
     556        8.599110e+02        9.316377e-05        1.691664e-05            57
     557        9.598632e+02        9.455607e-05        1.708574e-05            57
     558        1.086980e+03        9.512044e-05        1.714764e-05            57
     559        1.217869e+03        9.421052e-05        1.712437e-05            57
     560        1.332867e+03        1.044100e-04        1.814355e-05            57
     561        1.426886e+03        1.142318e-04        1.905673e-05            57
     562        1.540348e+03        1.117206e-04        1.885961e-05            57
     563        1.950215e+03        1.095885e-04        1.895450e-05            57
     564        3.354654e+03        1.090661e-04        1.972970e-05            57
     565        4.976572e+03        1.050932e-04        2.023715e-05            57
     566        5.360045e+03        1.056230e-04        2.056555e-05            57
     567        4.844481e+03        1.040990e-04        2.004582e-05            57
     568        4.032601e+03        9.882951e-05        1.906683e-05            57
     569        3.116945e+03        9.629605e-05        1.832563e-05            57
     570        2.437387e+03        9.636105e-05        1.795320e-05            57
     571        1.999377e+03        9.566071e-05        1.761001e-05            57
     572        1.614447e+03        9.894099e-05        1.776942e-05            57
     573        1.278106e+03        1.057069e-04        1.822198e-05            57
     574        1.099084e+03        1.125901e-04        1.872741e-05            57
     575        1.078598e+03        1.133599e-04        1.878023e-05            57
     576        1.116402e+03        1.138956e-04        1.893037e-05            57
     577        1.178888e+03        1.171737e-04        1.925190e-05            57
     578        1.289917e+03        1.113780e-04        1.875806e-05            57
     579        1.460468e+03        1.045229e-04        1.827631e-05            57
     580        1.675163e+03        1.027882e-04        1.825731e-05            57
     581        1.909694e+03        9.716865e-05        1.780812e-05            57
     582        2.120020e+03        9.472777e-05        1.768684e-05            57
     583        2.304042e+03        9.934527e-05        1.827777e-05            57
     584        3.031566e+03        1.070991e-04        1.935787e-05            57
     585        4.170960e+03        1.099733e-04        2.023583e-05            57
     586        4.422312e+03        1.035346e-04        1.974099e-05            57
     587        3.864678e+03        1.032671e-04        1.952147e-05            57
     588        3.220722e+03        1.150274e-04        2.038418e-05            57
     589        2.519428e+03        1.218341e-04        2.053077e-05            57
     590        1.969794e+03        1.189469e-04        1.992528e-05            57
     591        1.674215e+03        1.192277e-04        1.979390e-05            57
     592        1.499250e+03        1.158072e-04        1.932313e-05            57
     593        1.371834e+03        1.024841e-04        1.800819e-05            57
     594        1.291637e+03        9.478619e-05        1.730830e-05            57
     595        1.275551e+03        9.885954e-05        1.768204e-05            57
     596        1.306842e+03        1.054793e-04        1.819100e-05            57
     597        1.336511e+03        1.048141e-04        1.811208e-05            57
     598        1.363292e+03        9.945348e-05        1.770288e-05            57
     599        1.432766e+03        1.016280e-04        1.798786e-05            57
     600        1.556513e+03        1.090569e-04        1.874630e-05            57
     601        1.707237e+03        1.118956e-04        1.914833e-05            57
     602        1.815761e+03        1.138761e-04        1.935155e-05            57
     603        1.855325e+03        1.113949e-04        1.914490e-05            57
     604        1.860974e+03        1.125515e-04        1.929310e-05            57
     605        1.864108e+03        1.084070e-04        1.890376e-05            57
     606        1.869492e+03        1.085131e-04        1.892501e-05            57
     607        1.861217e+03        1.057445e-04        1.864313e-05            57
     608        1.813030e+03        1.059330e-04        1.867185e-05            57
     609        1.706818e+03        1.033151e-04        1.822686e-05            57
     610        1.557901e+03        9.152210e-05        1.696803e-05            57
     611        1.398406e+03        9.157641e-05        1.683494e-05            57
     612        1.264450e+03        9.151732e-05        1.692111e-05            57
     613        1.178765e+03        9.761208e-05        1.754137e-05            57
     614        1.139533e+03        1.103814e-04        1.851037e-05            57
     615        1.123930e+03        1.100339e-04        1.835359e-05            57
     616        1.108751e+03        1.059162e-04        1.814629e-05            57
     617        1.081759e+03        1.079345e-04        1.850263e-05            57
     618        1.047440e+03        1.122883e-04        1.866907e-05            57
     619        1.010337e+03        1.078837e-04        1.821581e-05            57
     620        9.731368e+02        1.029137e-04        1.763606e-05            57
     621        9.337767e+02        9.497528e-05        1.700904e-05            57
     622        8.905844e+02        9.476257e-05        1.707387e-05            57
     623        8.481561e+02        9.703803e-05        1.698825e-05            57
     624        7.983194e+02        9.139556e-05        1.605046e-05            57
     625        7.428907e+02        9.139368e-05        1.569736e-05            57
     626        6.879917e+02        9.133139e-05        1.571483e-05            57
     627        6.381396e+02        9.126297e-05        1.591352e-05            57
     628        6.038880e+02        9.119179e-05        1.627891e-05            57
     629        5.812153e+02        9.117475e-05        1.637675e-05            57
     630        5.621798e+02        9.328125e-05        1.667915e-05            57
     631        5.425847e+02        1.009445e-04        1.712435e-05            57
     632        5.187995e+02        1.001145e-04        1.712150e-05            57
     633        4.959383e+02        1.028155e-04        1.731062e-05            57
     634        4.746620e+02        1.000409e-04        1.689304e-05            57
     635        4.521578e+02        9.107137e-05        1.564909e-05            57
     636        4.286431e+02        9.122814e-05        1.468934e-05            57
     637        4.114724e+02        9.124233e-05        1.425741e-05            57
     638        3.925541e+02        9.113648e-05        1.434387e-05            57
     639        3.814456e+02        9.099362e-05        1.456424e-05            57
     640        3.772149e+02        9.103371e-05        1.427140e-05            57
     641        3.695924e+02        9.105801e-05        1.404587e-05            57
     642        3.588624e+02        9.092349e-05        1.450201e-05            57
     643        3.491401e+02        9.074278e-05        1.519710e-05            57
     644        3.430092e+02        9.069326e-05        1.524168e-05            57
     645        3.354651e+02        9.087073e-05        1.461572e-05            57
     646        3.224546e+02        9.080079e-05        1.467908e-05            57
     647        3.039960e+02        9.049486e-05        1.563418e-05            57
     648        2.871481e+02        9.233401e-05        1.600952e-05            57
     649        2.808484e+02        9.060712e-05        1.530327e-05            57
     650        2.814184e+02        9.085868e-05        1.429566e-05            57
     651        2.882945e+02        9.084359e-05        1.399727e-05            57
     652        2.997616e+02        9.084298e-05        1.396851e-05            57
     653        3.064125e+02        9.077313e-05        1.398092e-05            57
     654        3.019719e+02        9.077398e-05        1.389656e-05            57
     655        2.941270e+02        9.069337e-05        1.394038e-05            57
     656        2.893027e+02        9.053832e-05        1.418497e-05            57
     657        2.843401e+02        9.036584e-05        1.458944e-05            57
     658        2.785350e+02        9.023051e-05        1.492976e-05            57
     659        2.693013e+02        9.020738e-05        1.511906e-05            57
     660        2.655505e+02        9.013113e-05        1.528920e-05            57
     661        2.640892e+02        9.032787e-05        1.477110e-05            57
     662        2.676229e+02        9.040231e-05        1.458641e-05            57
     663        2.844873e+02        8.996359e-05        1.523427e-05            57
     664        3.096731e+02        8.988947e-05        1.542126e-05            57
     665        3.247895e+02        9.023216e-05        1.462667e-05            57
     666        3.179886e+02        9.032120e-05        1.407394e-05            57
     667        3.016932e+02        9.003948e-05        1.429156e-05            57
     668        2.961331e+02        8.996656e-05        1.427114e-05            57
     669        2.986594e+02        9.030846e-05        1.353861e-05            57
     670        2.983391e+02        9.031681e-05        1.332358e-05            57
     671        2.916489e+02        9.006416e-05        1.359548e-05            57
     672        2.792818e+02        8.970748e-05        1.406862e-05            57
     673        2.726758e+02        8.964700e-05        1.431246e-05            57
     674        2.786791e+02        8.951334e-05        1.438622e-05            57
     675        3.000722e+02        8.948364e-05        1.437150e-05            57
     676        3.415981e+02        8.939033e-05        1.449507e-05            57
     677        3.817091e+02        8.921673e-05        1.463483e-05            57
     678        3.875159e+02        8.948436e-05        1.417623e-05            57
     679        3.628730e+02        8.946562e-05        1.401779e-05            57
     680        3.371841e+02        8.921872e-05        1.420795e-05            57
     681        3.256000e+02        8.910140e-05        1.393502e-05            57
     682        3.300663e+02        8.923280e-05        1.341231e-05            57
     683        3.387846e+02        8.957944e-05        1.289369e-05            57
     684        3.332246e+02        8.939289e-05        1.289368e-05            57
     685        3.189944e+02        8.904893e-05        1.294589e-05            57
     686        3.201360e+02        8.935313e-05        1.257249e-05            57
     687        3.417258e+02        8.901312e-05        1.253664e-05            57
     688        3.849564e+02        8.889668e-05        1.270466e-05            57
     689        4.420277e+02        8.858879e-05        1.301184e-05            57
     690        4.729309e+02        8.807481e-05        1.333807e-05            57
     691        4.560672e+02        8.806701e-05        1.342979e-05            57
     692        4.133102e+02        8.841877e-05        1.323292e-05            57
     693        3.738614e+02        8.773856e-05        1.370336e-05            57
     694        3.580484e+02        8.749748e-05        1.416073e-05            57
     695        3.731105e+02        8.768390e-05        1.409039e-05            57
     696        3.970022e+02        8.825575e-05        1.360312e-05            57
     697        3.995551e+02        8.815859e-05        1.352487e-05            57
     698        3.842973e+02        8.818360e-05        1.367620e-05            57
     699        3.865635e+02        8.824533e-05        1.360760e-05            57
     700        4.153208e+02        8.816924e-05        1.363634e-05            57
     701        4.616775e+02        8.789997e-05        1.389443e-05            57
     702        5.215093e+02        8.789748e-05        1.397105e-05            57
     703        5.497127e+02        8.747612e-05        1.465235e-05            57
     704        5.160135e+02        8.725670e-05        1.529793e-05            57
     705        4.599303e+02        9.278372e-05        1.585964e-05            57
     706        4.185703e+02        1.018945e-04        1.649953e-05            57
     707        4.016613e+02        1.054131e-04        1.675244e-05            57
     708        4.120740e+02        9.465858e-05        1.616040e-05            57
     709        4.323716e+02        9.558780e-05        1.626919e-05            57
     710        4.427650e+02        1.053212e-04        1.699582e-05            57
     711        4.386260e+02        1.052558e-04        1.714216e-05            57
     712        4.332404e+02        1.059653e-04        1.714339e-05            57
     713        4.524563e+02        1.049235e-04        1.716006e-05            57
     714        5.004082e+02        9.571022e-05        1.659519e-05            57
     715        5.494145e+02        9.553076e-05        1.666074e-05            57
     716        5.669145e+02        9.747114e-05        1.690114e-05            57
     717        5.468219e+02        9.421447e-05        1.654502e-05            57
     718        5.016700e+02        1.096537e-04        1.746605e-05            57
     719        4.548228e+02        1.252907e-04        1.850296e-05            57
     720        4.234903e+02        1.263655e-04        1.853149e-05            57
     721        4.210977e+02        1.308279e-04        1.890190e-05            57
     722        4.368902e+02        1.319588e-04        1.912411e-05            57
     723        4.429280e+02        1.487828e-04        2.038608e-05            57
     724        4.448672e+02        1.676561e-04        2.079682e-05            56
     725        4.566630e+02        1.617569e-04        2.052899e-05            56
     726        4.694740e+02        1.424907e-04        2.040685e-05            57
     727        4.873864e+02        1.439839e-04        2.055461e-05            57
     728        5.172954e+02        1.695735e-04        2.136415e-05            56
     729        5.269790e+02        1.750605e-04        2.194915e-05            56
     730        5.118327e+02        1.616553e-04        2.093384e-05            56
     731        5.028295e+02        1.426353e-04        2.058689e-05            57
     732        4.860025e+02        1.421734e-04        2.041573e-05            57
     733        4.469915e+02        1.583680e-04        2.026402e-05            56
     734        4.103370e+02        1.795358e-04        2.169640e-05            56
     735        3.950180e+02        1.826104e-04        2.188502e-05            56
     736        4.011749e+02        1.764880e-04        2.157200e-05            56
     737        4.124896e+02        1.932113e-04        2.285209e-05            56
     738        4.195186e+02        2.153267e-04        2.448290e-05            56
     739        4.339521e+02        2.299686e-04        2.564112e-05            56
     740        4.546683e+02        2.420712e-04        2.671835e-05            56
     741        4.628439e+02        2.503463e-04        2.765464e-05            56
     742        4.552394e+02        2.457306e-04        2.744573e-05            56
     743        4.435286e+02        2.666258e-04        2.916559e-05            56
     744        4.356873e+02        2.617489e-04        2.920125e-05            56
     745        4.442558e+02        2.397419e-04        2.748396e-05            56
     746        4.589985e+02        2.700564e-04        2.970697e-05            56
     747        4.398440e+02        2.942517e-04        3.161495e-05            56
     748        3.939680e+02        2.884363e-04        3.119091e-05            56
     749        3.594689e+02        2.906423e-04        3.112982e-05            56
     750        3.464265e+02        3.131307e-04        3.242787e-05            56
     751        3.479033e+02        3.317477e-04        3.377884e-05            56
     752        3.607599e+02        3.828160e-04        3.752331e-05            56
     753        3.886172e+02        4.302286e-04        4.118205e-05            56
     754        4.181400e+02        4.317735e-04        4.169913e-05            56
     755        4.179824e+02        3.995999e-04        3.968746e-05            56
     756        3.833957e+02        4.045690e-04        4.024193e-05            56
     757        3.526050e+02        5.430831e-04        5.002840e-05            56
     758        3.441118e+02        6.110925e-04        5.509707e-05            55
     759        3.547434e+02        5.525027e-04        5.171422e-05            56
     760        3.924566e+02        4.989361e-04        4.820596e-05            56
     761        4.092606e+02        5.534087e-04        5.186266e-05            56
     762        3.720794e+02        5.949366e-04        5.498830e-05            56
     763        3.263570e+02        6.229803e-04        5.728139e-05            56
     764        2.976316e+02        6.098084e-04        5.648677e-05            56
     765        2.818924e+02        6.104862e-04        5.612360e-05            56
     766        2.805709e+02        6.319269e-04        5.756236e-05            56
     767        3.024326e+02        7.374498e-04        6.554643e-05            55
     768        3.362728e+02        7.722162e-04        6.839431e-05            55
     769        3.517761e+02        7.985649e-04        7.004323e-05            55
     770        3.381998e+02        8.640341e-04        7.457810e-05            55
     771        3.066003e+02        8.758747e-04        7.573548e-05            55
     772        2.750963e+02        9.568828e-04        8.192642e-05            55
     773        2.556828e+02        9.884922e-04        8.487701e-05            55
     774        2.687527e+02        8.711619e-04        7.686636e-05            55
     775        3.231349e+02        9.038543e-04        7.987191e-05            55
     776        3.563387e+02        1.065270e-03        9.194821e-05            55
     777        3.242035e+02        1.150223e-03        9.852583e-05            55
     778        2.755134e+02        1.139607e-03        9.913801e-05            55
     779        2.453680e+02        1.094612e-03        9.542867e-05            55
     780        2.290554e+02        1.120510e-03        9.716616e-05            55
     781        2.251018e+02        1.129551e-03        9.760517e-05            55
     782        2.394146e+02        1.214643e-03        1.046874e-04            55
     783        2.633014e+02        1.303882e-03        1.117928e-04            55
     784        2.765330e+02        1.427401e-03        1.200313e-04            55
     785        2.693083e+02        1.495890e-03        1.253702e-04            54
     786        2.486805e+02        1.670016e-03        1.383671e-04            54
     787        2.232855e+02        1.728062e-03        1.432636e-04            54
     788        2.019789e+02        1.759388e-03        1.470519e-04            54
     789        1.975514e+02        1.580003e-03        1.324377e-04            55
     790        2.259978e+02        1.576241e-03        1.333923e-04            55
     791        2.692141e+02        1.825567e-03        1.525078e-04            55
     792        2.754001e+02        2.115259e-03        1.754841e-04            54
     793        2.426923e+02        2.303766e-03        1.886098e-04            54
     794        2.090276e+02        2.254643e-03        1.849492e-04            54
     795        1.911898e+02        2.336748e-03        1.932619e-04            54
     796        1.855633e+02        2.541141e-03        2.070467e-04            54
     797        1.889775e+02        2.942677e-03        2.384131e-04            54
     798        1.979372e+02        2.984246e-03        2.416348e-04            54
     799        2.089003e+02        2.781570e-03        2.285473e-04            54
     800        2.145973e+02        2.659224e-03        2.192108e-04            54
     801        2.072679e+02        2.799463e-03        2.297827e-04            54
     802        1.916439e+02        3.010188e-03        2.452535e-04            54
     803        1.772068e+02        3.395105e-03        2.737143e-04            54
     804        1.699780e+02        3.622268e-03        2.903166e-04            54
     805        1.736577e+02        3.724115e-03        2.973586e-04            54
     806        1.920963e+02        3.945046e-03        3.191500e-04            53
     807        2.133900e+02        3.836144e-03        3.104898e-04            54
     808        2.158646e+02        4.022515e-03        3.236055e-04            54
     809        2.007824e+02        4.172803e-03        3.423341e-04            53
     810        1.837423e+02        3.905208e-03        3.163805e-04            54
     811        1.726060e+02        3.890345e-03        3.148990e-04            54
     812        1.691698e+02        4.659945e-03        3.800121e-04            53
     813        1.696856e+02        5.272219e-03        4.279887e-04            53
     814        1.733952e+02        5.470799e-03        4.434727e-04            53
     815        1.789970e+02        5.765055e-03        4.642035e-04            53
     816        1.823692e+02        5.826701e-03        4.721767e-04            53
     817        1.795671e+02        5.872105e-03        4.767929e-04            53
     818        1.801343e+02        6.224895e-03        5.063227e-04            53
     819        1.823717e+02        6.270104e-03        5.108058e-04            53
     820        1.846095e+02        5.811864e-03        4.804186e-04            53
     821        1.868479e+02        5.140206e-03        4.223979e-04            54
     822        1.890848e+02        5.735795e-03        4.741331e-04            53
     823        1.913209e+02        7.452628e-03        5.997493e-04            53
     824        1.935575e+02        8.259046e-03        6.649860e-04            53
     825        1.957950e+02        8.346158e-03        6.836149e-04            52
     826        1.980327e+02        8.315331e-03        6.792774e-04            52
     827        2.002698e+02        8.929926e-03        7.258771e-04            52
     828        2.025066e+02        1.004975e-02        8.142953e-04            52
     829        2.047444e+02        9.325508e-03        7.619878e-04            52
     830        2.069825e+02        9.029949e-03        7.307254e-04            52
     831        2.092199e+02        9.128263e-03        7.390884e-04            52
     832        2.114563e+02        1.062364e-02        8.589025e-04            52
     833        2.136932e+02        1.177964e-02        9.500348e-04            52
     834        2.159304e+02        1.220956e-02        9.887527e-04            52
     835        2.181678e+02        1.204747e-02        9.798453e-04            52
     836        2.204054e+02        1.170029e-02        9.551305e-04            52
     837        2.226427e+02        1.144934e-02        9.453343e-04            52
     838        2.248801e+02        1.148198e-02        9.507533e-04            52
     839        2.271172e+02        1.270750e-02        1.044208e-03            52
     840        2.293549e+02        1.223978e-02        1.005711e-03            52
     841        2.332614e+02        1.220190e-02        1.000541e-03            52
     842        2.371675e+02        1.287980e-02        1.054821e-03            52
     843        2.410737e+02        1.318120e-02        1.078349e-03            52
     844        2.449795e+02        1.535048e-02        1.246161e-03            52
     845        2.488853e+02        1.956718e-02        1.526887e-03            51
     846        2.527912e+02        2.292362e-02        1.753475e-03            51
     847        2.566972e+02        2.305474e-02        1.797435e-03            51
     848        2.606035e+02        2.133134e-02        1.718185e-03            51
     849        2.645098e+02        2.300594e-02        1.801231e-03            51
     850        2.684160e+02        2.391887e-02        1.872263e-03            51
     851        2.723222e+02        2.293713e-02        1.834706e-03            51
     852        2.762284e+02        2.389207e-02        1.897934e-03            51
     853        2.801344e+02        2.431968e-02        1.972383e-03            51
     854        2.840406e+02        2.307986e-02        1.928501e-03            51
     855        2.879468e+02        2.407379e-02        1.988044e-03            51
     856        2.918530e+02        2.540764e-02        2.071189e-03            51
     857        2.957591e+02        2.459597e-02        2.058305e-03            51
     858        2.996653e+02        2.542722e-02        2.101583e-03            51
     859        3.035717e+02        2.483963e-02        2.056405e-03            51
     860        3.074778e+02        2.695545e-02        2.183906e-03            51
     861        3.113837e+02        3.092733e-02        2.428739e-03            51
     862        3.152897e+02        3.788449e-02        2.804209e-03            51
     863        3.191957e+02        3.939117e-02        2.930313e-03            51
     864        3.231021e+02        3.689585e-02        2.787362e-03            51
     865        3.270080e+02        3.964076e-02        2.965113e-03            51
     866        3.309140e+02        5.040083e-02        3.511192e-03            51
     867        3.348198e+02        5.825198e-02        4.070739e-03            50
     868        3.387259e+02        5.643607e-02        4.040498e-03            50
     869        3.426321e+02        5.558573e-02        4.017192e-03            50
     870        3.465372e+02        5.561969e-02        4.597837e-03            50
     871        3.504434e+02        5.402964e-02        4.541282e-03            50
     872        3.543496e+02        5.735422e-02        4.710627e-03            50
     873        3.582558e+02        5.029663e-02        4.267596e-03            51
     874        3.621620e+02        4.722934e-02        4.060735e-03            51
     875        3.660682e+02        4.588595e-02        3.986977e-03            51
     876        3.699744e+02        4.512855e-02        3.935084e-03            51
     877        3.738805e+02        4.728650e-02        4.061618e-03            51
     878        3.777866e+02        4.934338e-02        4.198935e-03            51
     879        3.816927e+02        5.442838e-02        4.464016e-03            51
     880        3.855988e+02        6.189051e-02        4.978433e-03            50
     881        3.895048e+02        7.186358e-02        5.531343e-03            50
     882        3.934109e+02        8.037603e-02        5.990278e-03            50
     883        3.973170e+02        8.563526e-02        6.286312e-03            50
     884        4.012231e+02        9.101994e-02        6.574762e-03            50
     885        4.051292e+02        9.185988e-02        6.638755e-03            50
     886        4.090354e+02        8.896879e-02        6.519424e-03            50
     887        4.129415e+02        9.462788e-02        6.780228e-03            50
     888        4.168476e+02        9.977763e-02        7.080041e-03            50
     889        4.207537e+02        1.021580e-01        7.238636e-03            50
     890        4.246598e+02        1.042235e-01        7.324182e-03            50
     891        4.287803e+02        1.014762e-01        7.332660e-03            50
     892        4.329007e+02        1.059094e-01        7.533212e-03            50
     893        4.370211e+02        1.022673e-01        7.359001e-03            50
     894        4.411417e+02        8.513959e-02        6.544817e-03            50
     895        4.452621e+02        8.552911e-02        6.495713e-03            50
     896        4.493826e+02        8.980712e-02        6.707898e-03            50
     897        4.535030e+02        8.347907e-02        6.391506e-03            50
     898        4.576235e+02        8.364609e-02        6.364269e-03            50
     899        4.617439e+02        9.918424e-02        7.111278e-03            50
     900        4.658642e+02        1.188237e-01        8.046486e-03            50
     901        4.699846e+02        1.215625e-01        8.218938e-03            50
     902        4.741050e+02        1.371787e-01        8.897747e-03            50
     903        4.782253e+02        1.515781e-01        9.785534e-03            49
     904        4.823457e+02        1.582907e-01        1.010103e-02            49
     905        4.864662e+02        1.630686e-01        1.032898e-02            49
     906        4.905866e+02        1.613614e-01        1.028314e-02            49
     907        4.947070e+02        1.601004e-01        1.023922e-02            49
     908        4.988274e+02        1.621098e-01        1.032522e-02            49
     909        5.029479e+02        1.556108e-01        1.005210e-02            49
     910        5.070683e+02        1.566533e-01        1.010679e-02            49
     911        5.111887e+02        1.632533e-01        1.039710e-02            49
     912        5.153092e+02        1.596987e-01        1.024912e-02            49
     913        5.194296e+02        1.602677e-01        1.026864e-02            49
     914        5.235500e+02        1.565205e-01        1.011736e-02            49
     915        5.276705e+02        1.482618e-01        9.754808e-03            49
     916        5.317909e+02        1.410231e-01        9.421984e-03            49
     917        5.359113e+02        1.483245e-01        9.712054e-03            49
     918        5.400318e+02        1.549745e-01        1.001125e-02            49
     919        5.441522e+02        1.640556e-01        1.040423e-02            49
     920        5.482726e+02        1.704368e-01        1.069164e-02            49
     921        5.523930e+02        1.791633e-01        1.108019e-02            49
     922        5.565134e+02        1.984087e-01        1.196785e-02            49
     923        5.606338e+02        2.130291e-01        1.294255e-02            48
     924        5.647542e+02        2.165963e-01        1.312349e-02            48
     925        5.688746e+02        2.179335e-01        1.319150e-02            48
     926        5.729950e+02        2.191918e-01        1.325529e-02            48
     927        5.771154e+02        2.198687e-01        1.328861e-02            48
     928        5.812359e+02        2.211873e-01        1.335439e-02            48
     929        5.853563e+02        2.310170e-01        1.385223e-02            48
     930        5.894767e+02        2.322194e-01        1.391212e-02            48
     931        5.935971e+02        2.226926e-01        1.342971e-02            48
     932        5.977176e+02        2.158705e-01        1.309620e-02            48
     933        6.018380e+02        2.203375e-01        1.331390e-02            48
     934        6.059584e+02        2.186372e-01        1.323122e-02            48
     935        6.100788e+02        2.247047e-01        1.353257e-02            48
     936        6.141993e+02        2.114897e-01        1.288873e-02            48
     937        6.183197e+02        2.066093e-01        1.265008e-02            48
     938        6.224401e+02        2.162190e-01        1.310904e-02            48
     939        6.265606e+02        2.145962e-01        1.303242e-02            48
     940        6.306810e+02        2.269367e-01        1.365302e-02            48
     941        6.334964e+02        2.419283e-01        1.446384e-02            48
     942        6.363118e+02        2.504562e-01        1.495529e-02            48
     943        6.391273e+02        2.523832e-01        1.506062e-02            48
     944        6.419427e+02        2.566853e-01        1.532598e-02            48
     945        6.447581e+02        2.621865e-01        1.598771e-02            47
     946        6.475736e+02        2.651994e-01        1.617329e-02            47
     947        6.503890e+02        2.614800e-01        1.589955e-02            47
     948        6.532045e+02        2.614711e-01        1.589881e-02            47
     949        6.560199e+02        2.651344e-01        1.613958e-02            47
     950        6.588353e+02        2.682739e-01        1.635228e-02            47
     951        6.616508e+02        2.640975e-01        1.606195e-02            47
     952        6.644662e+02        2.712585e-01        1.659045e-02            47
     953        6.672817e+02        2.771745e-01        1.702757e-02            47
     954        6.700971e+02        2.704882e-01        1.649247e-02            47
     955        6.729126e+02        2.642209e-01        1.607049e-02            47
     956        6.757280e+02        2.628572e-01        1.599593e-02            47
     957        6.785435e+02        2.709264e-01        1.658745e-02            47
     958        6.813589e+02        2.695933e-01        1.645557e-02            47
     959        6.841743e+02        2.694913e-01        1.647063e-02            47
     960        6.869898e+02        2.660043e-01        1.623336e-02            47
     961        6.898052e+02        2.710041e-01        1.662668e-02            47
     962        6.926207e+02        2.790607e-01        1.727055e-02            47
     963        6.954361e+02        2.815515e-01        1.743384e-02            47
     964        6.982515e+02        2.879864e-01        1.802973e-02            47
     965        7.010670e+02        2.889994e-01        1.806296e-02            47
     966        7.038824e+02        2.939946e-01        1.900237e-02            46
     967        7.066979e+02        2.914820e-01        1.864043e-02            46
     968        7.095133e+02        2.908401e-01        1.856696e-02            46
     969        7.123288e+02        2.884506e-01        1.832663e-02            46
     970        7.151442e+02        2.888546e-01        1.837468e-02            46
     971        7.179596e+02        2.923471e-01        1.874246e-02            46
     972        7.207751e+02        2.917908e-01        1.864776e-02            46
     973        7.235905e+02        2.916189e-01        1.863016e-02            46
     974        7.264060e+02        2.915204e-01        1.860186e-02            46
     975        7.292214e+02        2.995033e-01        1.960685e-02            46
     976        7.320369e+02        2.976064e-01        1.927436e-02            46
     977        7.348523e+02        2.953878e-01        1.896880e-02            46
     978        7.376677e+02        2.939845e-01        1.883575e-02            46
     979        7.404832e+02        2.935294e-01        1.883869e-02            46
     980        7.432986e+02        2.950885e-01        1.904348e-02            46
     981        7.461141e+02        2.973372e-01        1.928703e-02            46
     982        7.489295e+02        2.979160e-01        1.933059e-02            46
     983        7.517450e+02        2.970642e-01        1.920105e-02            46
     984        7.545604e+02        2.990788e-01        1.948155e-02            46
     985        7.573758e+02        3.014793e-01        1.980617e-02            46
     986        7.601913e+02        3.017081e-01        1.974730e-02            46
     987        7.630067e+02        3.039270e-01        1.999221e-02            46
     988        7.658222e+02        3.046927e-01        2.005816e-02            46
     989        7.686376e+02        3.048199e-01        2.008480e-02            46
     990        7.714531e+02        3.038415e-01        1.992080e-02            46
     991        7.712235e+02        3.025662e-01        1.969280e-02            46
     992        7.709939e+02        3.029277e-01        1.973783e-02            46
     993        7.707644e+02        3.019463e-01        1.961577e-02            46
     994        7.705348e+02        3.009834e-01        1.949828e-02            46
     995        7.703053e+02        3.010853e-01        1.951009e-02            46
     996        7.700757e+02        3.033189e-01        1.978907e-02            46
     997        7.698462e+02        3.060476e-01        2.060012e-02            45
     998        7.696166e+02        3.071244e-01        2.075617e-02            45
     999        7.693870e+02        3.064113e-01        2.065251e-02            45
    1000        7.691575e+02        3.048642e-01        2.043516e-02            45
    1001        7.689279e+02        3.061600e-01        2.061732e-02            45
    1002        7.686984e+02        3.082669e-01        2.093013e-02            45
    1003        7.684688e+02        3.073893e-01        2.079747e-02            45
    1004        7.682393e+02        3.051534e-01        2.047636e-02            45
    1005        7.680097e+02        3.059034e-01        2.058219e-02            45
    1006        7.677801e+02        3.085416e-01        2.097311e-02            45
    1007        7.675506e+02        3.092114e-01        2.107910e-02            45
    1008        7.673210e+02        3.087493e-01        2.100563e-02            45
    1009        7.670915e+02        3.089963e-01        2.104591e-02            45
    1010        7.668619e+02        3.100252e-01        2.121223e-02            45
    1011        7.666324e+02        3.112364e-01        2.141595e-02            45
    1012        7.664028e+02        3.120046e-01        2.155086e-02            45
    1013        7.661732e+02        3.118958e-01        2.153197e-02            45
    1014        7.659437e+02        3.107871e-01        2.134020e-02            45
    1015        7.657141e+02        3.098448e-01        2.118389e-02            45
    1016        7.654846e+02        3.109373e-01        2.136583e-02            45
    1017        7.652550e+02        3.119338e-01        2.153967e-02            45
    1018        7.650255e+02        3.115019e-01        2.146338e-02            45
    1019        7.647959e+02        3.113208e-01        2.143263e-02            45
    1020        7.645664e+02        3.123638e-01        2.161730e-02            45
    1021        7.643368e+02        3.138054e-01        2.188729e-02            45
    1022        7.641072e+02        3.150079e-01        2.212600e-02            45
    1023        7.638777e+02        3.158167e-01        2.229618e-02            45
    1024        7.636481e+02        3.154183e-01        2.221206e-02            45
    1025        7.634186e+02        3.142206e-01        2.196836e-02            45
    1026        7.631890e+02        3.143173e-01        2.198750e-02            45
    1027        7.629595e+02        3.154703e-01        2.222280e-02            45
    1028        7.627299e+02        3.155246e-01        2.223457e-02            45
    1029        7.625003e+02        3.150105e-01        2.212771e-02            45
    1030        7.622708e+02        3.154291e-01        2.221564e-02            45
    1031        7.620412e+02        3.163561e-01        2.241450e-02            45
    1032        7.618117e+02        3.168962e-01        2.253594e-02            45
    1033        7.615821e+02        3.170724e-01        2.257636e-02            45
    1034        7.613526e+02        3.172199e-01        2.261020e-02            45
    1035        7.611230e+02        3.172514e-01        2.261840e-02            45
    1036        7.608934e+02        3.170475e-01        2.257152e-02            45
    1037        7.606639e+02        3.171525e-01        2.259479e-02            45
    1038        7.604343e+02        3.174688e-01        2.266957e-02            45
    1039        7.602048e+02        3.174248e-01        2.265958e-02            45
    1040        7.599752e+02        3.177683e-01        2.274092e-02            45
    1041        7.569728e+02        3.183742e-01        2.288861e-02            45
    1042        7.539702e+02        3.186867e-01        2.296830e-02            45
    1043        7.509677e+02        3.190040e-01        2.305012e-02            45
    1044        7.479652e+02        3.193228e-01        2.313523e-02            45
    1045        7.449627e+02        3.196102e-01        2.321146e-02            45
    1046        7.419601e+02        3.198899e-01        2.381499e-02            44
    1047        7.389576e+02        3.201728e-01        2.389642e-02            44
    1048        7.359551e+02        3.203729e-01        2.395482e-02            44
    1049        7.329526e+02        3.204459e-01        2.397665e-02            44
    1050        7.299501e+02        3.205195e-01        2.399793e-02            44
    1051        7.269475e+02        3.206469e-01        2.403625e-02            44
    1052        7.239450e+02        3.207753e-01        2.407505e-02            44
    1053        7.209425e+02        3.209048e-01        2.411428e-02            44
    1054        7.179400e+02        3.210508e-01        2.415938e-02            44
    1055        7.149374e+02        3.212052e-01        2.420796e-02            44
    1056        7.119349e+02        3.214780e-01        2.429593e-02            44
    1057        7.089324e+02        3.214551e-01        2.428695e-02            44
    1058        7.059299e+02        3.214320e-01        2.427898e-02            44
    1059        7.029274e+02        3.214087e-01        2.427181e-02            44
    1060        6.999248e+02        3.213852e-01        2.426343e-02            44
    1061        6.969223e+02        3.213615e-01        2.425413e-02            44
    1062        6.939198e+02        3.213376e-01        2.424640e-02            44
    1063        6.909173e+02        3.213134e-01        2.423699e-02            44
    1064        6.879147e+02        3.212891e-01        2.422969e-02            44
    1065        6.849122e+02        3.212646e-01        2.422103e-02            44
    1066        6.819097e+02        3.212399e-01        2.421306e-02            44
    1067        6.789072e+02        3.212147e-01        2.420467e-02            44
    1068        6.759047e+02        3.211896e-01        2.419588e-02            44
    1069        6.729021e+02        3.211642e-01        2.418605e-02            44
    1070        6.698996e+02        3.211385e-01        2.417788e-02            44
    1071        6.668971e+02        3.211127e-01        2.416880e-02            44
    1072        6.638946e+02        3.210866e-01        2.415976e-02            44
    1073        6.608921e+02        3.210601e-01        2.415153e-02            44
    1074        6.578895e+02        3.210336e-01        2.414264e-02            44
    1075        6.548870e+02        3.210068e-01        2.413320e-02            44
    1076        6.518845e+02        3.209798e-01        2.412397e-02            44
    1077        6.488820e+02        3.209523e-01        2.411440e-02            44
    1078        6.458794e+02        3.209248e-01        2.410636e-02            44
    1079        6.428769e+02        3.208970e-01        2.409652e-02            44
    1080        6.398744e+02        3.208688e-01        2.408883e-02            44
    1081        6.368719e+02        3.208405e-01        2.407890e-02            44
    1082        6.338694e+02        3.208120e-01        2.406845e-02            44
    1083        6.308668e+02        3.207829e-01        2.405894e-02            44
    1084        6.278643e+02        3.207538e-01        2.404857e-02            44
    1085        6.248618e+02        3.207245e-01        2.403995e-02            44
    1086        6.218593e+02        3.206946e-01        2.403079e-02            44
    1087        6.188567e+02        3.206647e-01        2.402026e-02            44
    1088        6.158542e+02        3.206343e-01        2.401126e-02            44
    1089        6.128517e+02        3.206038e-01        2.400150e-02            44
    1090        6.098492e+02        3.205728e-01        2.399089e-02            44
    1091        6.061661e+02        3.205656e-01        2.398852e-02            44
    1092        6.024830e+02        3.205254e-01        2.397453e-02            44
    1093        5.988000e+02        3.204844e-01        2.396266e-02            44
    1094        5.951169e+02        3.204430e-01        2.394947e-02            44
    1095        5.914338e+02        3.204013e-01        2.393611e-02            44
    1096        5.877508e+02        3.203588e-01        2.392217e-02            44
    1097        5.840677e+02        3.203161e-01        2.390938e-02            44
    1098        5.803846e+02        3.202726e-01        2.389376e-02            44
    1099        5.767016e+02        3.202287e-01        2.388046e-02            44
    1100        5.730185e+02        3.201841e-01        2.386724e-02            44
    1101        5.693355e+02        3.201390e-01        2.385407e-02            44
    1102        5.656524e+02        3.200935e-01        2.383927e-02            44
    1103        5.619693e+02        3.200471e-01        2.382415e-02            44
    1104        5.582863e+02        3.200002e-01        2.381023e-02            44
    1105        5.546032e+02        3.199529e-01        2.379644e-02            44
    1106        5.509201e+02        3.199047e-01        2.378033e-02            44
    1107        5.472371e+02        3.198549e-01        2.376604e-02            44
    1108        5.435540e+02        3.198044e-01        2.375090e-02            44
    1109        5.398709e+02        3.197530e-01        2.373470e-02            44
    1110        5.361879e+02        3.197009e-01        2.371942e-02            44
    1111        5.325048e+02        3.196481e-01        2.370370e-02            44
    1112        5.288217e+02        3.195948e-01        2.368785e-02            44
    1113        5.251387e+02        3.195405e-01        2.367166e-02            44
    1114        5.214556e+02        3.194855e-01        2.365545e-02            44
    1115        5.177725e+02        3.194298e-01        2.364009e-02            44
    1116        5.140895e+02        3.193732e-01        2.362363e-02            44
    1117        5.104064e+02        3.193159e-01        2.360688e-02            44
    1118        5.067233e+02        3.192577e-01        2.359081e-02            44
    1119        5.030403e+02        3.191990e-01        2.357362e-02            44
    1120        4.993572e+02        3.191392e-01        2.355774e-02            44
    1121        4.956741e+02        3.190785e-01        2.353888e-02            44
    1122        4.919911e+02        3.190169e-01        2.352178e-02            44
    1123        4.883080e+02        3.189544e-01        2.350555e-02            44
    1124        4.846249e+02        3.188910e-01        2.348735e-02            44
    1125        4.809419e+02        3.188266e-01        2.347081e-02            44
    1126        4.772588e+02        3.187613e-01        2.345278e-02            44
    1127        4.735757e+02        3.186950e-01        2.343298e-02            44
    1128        4.698927e+02        3.186277e-01        2.341460e-02            44
    1129        4.662096e+02        3.185593e-01        2.339757e-02            44
    1130        4.625265e+02        3.184899e-01        2.337871e-02            44
    1131        4.588435e+02        3.184194e-01        2.335768e-02            44
    1132        4.551604e+02        3.183477e-01        2.334054e-02            44
    1133        4.514773e+02        3.182750e-01        2.332016e-02            44
    1134        4.477943e+02        3.182008e-01        2.330053e-02            44
    1135        4.441112e+02        3.181257e-01        2.328149e-02            44
    1136        4.404281e+02        3.180494e-01        2.326061e-02            44
    1137        4.367451e+02        3.179718e-01        2.324009e-02            44
    1138        4.330620e+02        3.178929e-01        2.321966e-02            44
    1139        4.293789e+02        3.178128e-01        2.320015e-02            44
    1140        4.256959e+02        3.177312e-01        2.317790e-02            44
    1141        4.222525e+02        3.176540e-01        2.315809e-02            44
    1142        4.188092e+02        3.175759e-01        2.313949e-02            44
    1143        4.153658e+02        3.174964e-01        2.311917e-02            44
    1144        4.119225e+02        3.174158e-01        2.309871e-02            44
    1145        4.084791e+02        3.173334e-01        2.307729e-02            44
    1146        4.050357e+02        3.172501e-01        2.305594e-02            44
    1147        4.015924e+02        3.171653e-01        2.303571e-02            44
    1148        3.981490e+02        3.170788e-01        2.301583e-02            44
    1149        3.947057e+02        3.169912e-01        2.299420e-02            44
    1150        3.912623e+02        3.169021e-01        2.297267e-02            44
    1151        3.878190e+02        3.168111e-01        2.295076e-02            44
    1152        3.843756e+02        3.167188e-01        2.292806e-02            44
    1153        3.809323e+02        3.166250e-01        2.290539e-02            44
    1154        3.774889e+02        3.165292e-01        2.288248e-02            44
    1155        3.740456e+02        3.164320e-01        2.286035e-02            44
    1156        3.706022e+02        3.163327e-01        2.283587e-02            44
    1157        3.671589e+02        3.162319e-01        2.281273e-02            44
    1158        3.637155e+02        3.161294e-01        2.278910e-02            44
    1159        3.602722e+02        3.160245e-01        2.276470e-02            44
    1160        3.568288e+02        3.159181e-01        2.274120e-02            44
    1161        3.533855e+02        3.158093e-01        2.271668e-02            44
    1162        3.499421e+02        3.156988e-01        2.269110e-02            44
    1163        3.464988e+02        3.155859e-01        2.266685e-02            44
    1164        3.430554e+02        3.154711e-01        2.264059e-02            44
    1165        3.396121e+02        3.153537e-01        2.261453e-02            44
    1166        3.361687e+02        3.152340e-01        2.258831e-02            44
    1167        3.327253e+02        3.151123e-01        2.256221e-02            44
    1168        3.292820e+02        3.149877e-01        2.253422e-02            44
    1169        3.258386e+02        3.148610e-01        2.250796e-02            44
    1170        3.223953e+02        3.147313e-01        2.248058e-02            44
    1171        3.189519e+02        3.145990e-01        2.245237e-02            44
    1172        3.155086e+02        3.144642e-01        2.242260e-02            44
    1173        3.120652e+02        3.143262e-01        2.239615e-02            44
    1174        3.086219e+02        3.141852e-01        2.236534e-02            44
    1175        3.051785e+02        3.140416e-01        2.233626e-02            44
    1176        3.017352e+02        3.138945e-01        2.230540e-02            44
    1177        2.982918e+02        3.137440e-01        2.227587e-02            44
    1178        2.948485e+02        3.135907e-01        2.224324e-02            44
    1179        2.914051e+02        3.134334e-01        2.221291e-02            44
    1180        2.879618e+02        3.132726e-01        2.218118e-02            44
    1181        2.845184e+02        3.131080e-01        2.214882e-02            44
    1182        2.810751e+02        3.129396e-01        2.211497e-02            44
    1183        2.776317e+02        3.127676e-01        2.208231e-02            44
    1184        2.741884e+02        3.125911e-01        2.204816e-02            44
    1185        2.707450e+02        3.124102e-01        2.201552e-02            44
    1186        2.673017e+02        3.122250e-01        2.197930e-02            44
    1187        2.638583e+02        3.120351e-01        2.194389e-02            44
    1188        2.604149e+02        3.118404e-01        2.190807e-02            44
    1189        2.569716e+02        3.116408e-01        2.187141e-02            44
    1190        2.535282e+02        3.114365e-01        2.183421e-02            44
    1191        2.506964e+02        3.112650e-01        2.180242e-02            44
    1192        2.478645e+02        3.110899e-01        2.177133e-02            44
    1193        2.450326e+02        3.109109e-01        2.173887e-02            44
    1194        2.422007e+02        3.107280e-01        2.170689e-02            44
    1195        2.393689e+02        3.105409e-01        2.167578e-02            44
    1196        2.365370e+02        3.103496e-01        2.164238e-02            44
    1197        2.337051e+02        3.101539e-01        2.160768e-02            44
    1198        2.308732e+02        3.099536e-01        2.157420e-02            44
    1199        2.280413e+02        3.097487e-01        2.153994e-02            44
    1200        2.252095e+02        3.095389e-01        2.150502e-02            44
    1201        2.223776e+02        3.093240e-01        2.148793e-02            44
    1202        2.195457e+02        3.091033e-01        2.145067e-02            44
    1203        2.167138e+02        3.088778e-01        2.141416e-02            44
    1204        2.138820e+02        3.086466e-01        2.137688e-02            44
    1205        2.110501e+02        3.084096e-01        2.133864e-02            44
    1206        2.082182e+02        3.081665e-01        2.130000e-02            44
    1207        2.053863e+02        3.079171e-01        2.126063e-02            44
    1208        2.025544e+02        3.076612e-01        2.122088e-02            44
    1209        1.997226e+02        3.073978e-01        2.118009e-02            44
    1210        1.968907e+02        3.071280e-01        2.113913e-02            44
    1211        1.940588e+02        3.068508e-01        2.109706e-02            44
    1212        1.912269e+02        3.065658e-01        2.105397e-02            44
    1213        1.883950e+02        3.062729e-01        2.101060e-02            44
    1214        1.855632e+02        3.059710e-01        2.096662e-02            44
    1215        1.827313e+02        3.056609e-01        2.092152e-02            44
    1216        1.798994e+02        3.053418e-01        2.087562e-02            44
    1217        1.770675e+02        3.050132e-01        2.082847e-02            44
    1218        1.742357e+02        3.046739e-01        2.078147e-02            44
    1219        1.714038e+02        3.043249e-01        2.073298e-02            44
    1220        1.685719e+02        3.039650e-01        2.068376e-02            44
    1221        1.657400e+02        3.035930e-01        2.063296e-02            44
    1222        1.629081e+02        3.032098e-01        2.058148e-02            44
    1223        1.600763e+02        3.028133e-01        2.052929e-02            44
    1224        1.572444e+02        3.024043e-01        2.047638e-02            44
    1225        1.544125e+02        3.019815e-01        2.042118e-02            44
    1226        1.515806e+02        3.015433e-01        2.036554e-02            44
    1227        1.487488e+02        3.010907e-01        2.030859e-02            44
    1228        1.459169e+02        3.006211e-01        2.025030e-02            44
    1229        1.430850e+02        3.001352e-01        2.019152e-02            44
    1230        1.402531e+02        2.996306e-01        2.012994e-02            44
    1231        1.374212e+02        2.991078e-01        2.006787e-02            44
    1232        1.345894e+02        2.985642e-01        2.000405e-02            44
    1233        1.317575e+02        2.980001e-01        1.993843e-02            44
    1234        1.289256e+02        2.974126e-01        1.987141e-02            44
    1235        1.260937e+02        2.968021e-01        1.980280e-02            44
    1236        1.232619e+02        2.961653e-01        1.973305e-02            44
    1237        1.204300e+02        2.955015e-01        1.966060e-02            44
    1238        1.175981e+02        2.948099e-01        1.958676e-02            44
    1239        1.147662e+02        2.940866e-01        1.951094e-02            44
    1240        1.119343e+02        2.933315e-01        1.943421e-02            44
    1241        1.105747e+02        2.929646e-01        1.940365e-02            44
    1242        1.092150e+02        2.925875e-01        1.936556e-02            44
    1243        1.078553e+02        2.922009e-01        1.932682e-02            44
    1244        1.064957e+02        2.918065e-01        1.928764e-02            44
    1245        1.051360e+02        2.914030e-01        1.924789e-02            44
    1246        1.037763e+02        2.909901e-01        1.920759e-02            44
    1247        1.024167e+02        2.905664e-01        1.916662e-02            44
    1248        1.010570e+02        2.901336e-01        1.912516e-02            44
    1249        9.969734e+01        2.896904e-01        1.908309e-02            44
    1250        9.833767e+01        2.892352e-01        1.904030e-02            44
    1251        9.697801e+01        2.887699e-01        1.899697e-02            44
    1252        9.561834e+01        2.882917e-01        1.895288e-02            44
    1253        9.425867e+01        2.878026e-01        1.890820e-02            44
    1254        9.289901e+01        2.872997e-01        1.886270e-02            44
    1255        9.153934e+01        2.867837e-01        1.881648e-02            44
    1256        9.017967e+01        2.862553e-01        1.876961e-02            44
    1257        8.882000e+01        2.857115e-01        1.872186e-02            44
    1258        8.746034e+01        2.851530e-01        1.867330e-02            44
    1259        8.610067e+01        2.845803e-01        1.862396e-02            44
    1260        8.474100e+01        2.839905e-01        1.857367e-02            44
    1261        8.338134e+01        2.833840e-01        1.852255e-02            44
    1262        8.202167e+01        2.827601e-01        1.847053e-02            44
    1263        8.066200e+01        2.821180e-01        1.841756e-02            44
    1264        7.930233e+01        2.814570e-01        1.836359e-02            44
    1265        7.794267e+01        2.807762e-01        1.830859e-02            44
    1266        7.658300e+01        2.800747e-01        1.825257e-02            44
    1267        7.522333e+01        2.793515e-01        1.819553e-02            44
    1268        7.386367e+01        2.786055e-01        1.813739e-02            44
    1269        7.250400e+01        2.778359e-01        1.807807e-02            44
    1270        7.114433e+01        2.770413e-01        1.801754e-02            44
    1271        6.978466e+01        2.762205e-01        1.795576e-02            44
    1272        6.842500e+01        2.753722e-01        1.789269e-02            44
    1273        6.706533e+01        2.744951e-01        1.782828e-02            44
    1274        6.570566e+01        2.735861e-01        1.776237e-02            44
    1275        6.434600e+01        2.726466e-01        1.769512e-02            44
    1276        6.298633e+01        2.716733e-01        1.762633e-02            44
    1277        6.162666e+01        2.706645e-01        1.755593e-02            44
    1278        6.026699e+01        2.696166e-01        1.748373e-02            44
    1279        5.890733e+01        2.685306e-01        1.740987e-02            44
    1280        5.754766e+01        2.674010e-01        1.733405e-02            44
    1281        5.618799e+01        2.662285e-01        1.725639e-02            44
    1282        5.482833e+01        2.650072e-01        1.717660e-02            44
    1283        5.346866e+01        2.637375e-01        1.709484e-02            44
    1284        5.210899e+01        2.624129e-01        1.701075e-02            44
    1285        5.074932e+01        2.610333e-01        1.692440e-02            44
    1286        4.938966e+01        2.595917e-01        1.683545e-02            44
    1287        4.802999e+01        2.580874e-01        1.674397e-02            44
    1288        4.667032e+01        2.565125e-01        1.664958e-02            44
    1289        4.531066e+01        2.548640e-01        1.655220e-02            44
    1290        4.395099e+01        2.531365e-01        1.645163e-02            44
    1291        4.334602e+01        2.523532e-01        1.640654e-02            44
    1292        4.274104e+01        2.515509e-01        1.636056e-02            44
    1293        4.213607e+01        2.507310e-01        1.631370e-02            44
    1294        4.153109e+01        2.498927e-01        1.626608e-02            44
    1295        4.092612e+01        2.490355e-01        1.621785e-02            44
    1296        4.032115e+01        2.481586e-01        1.616894e-02            44
    1297        3.971617e+01        2.472634e-01        1.611938e-02            44
    1298        3.911120e+01        2.463453e-01        1.606888e-02            44
    1299        3.850623e+01        2.454054e-01        1.601747e-02            44
    1300        3.790125e+01        2.444430e-01        1.596513e-02            44
    1301        3.729628e+01        2.434574e-01        1.591190e-02            44
    1302        3.669131e+01        2.424454e-01        1.585764e-02            44
    1303        3.608633e+01        2.414104e-01        1.580256e-02            44
    1304        3.548136e+01        2.403493e-01        1.574648e-02            44
    1305        3.487639e+01        2.392612e-01        1.568930e-02            44
    1306        3.427141e+01        2.381451e-01        1.563099e-02            44
    1307        3.366644e+01        2.369998e-01        1.557151e-02            44
    1308        3.306146e+01        2.358219e-01        1.551074e-02            44
    1309        3.245649e+01        2.346146e-01        1.544892e-02            44
    1310        3.185152e+01        2.333744e-01        1.538588e-02            44
    1311        3.124654e+01        2.320979e-01        1.532144e-02            44
    1312        3.064157e+01        2.307878e-01        1.525575e-02            44
    1313        3.003660e+01        2.294406e-01        1.518861e-02            44
    1314        2.943162e+01        2.280524e-01        1.511983e-02            44
    1315        2.882665e+01        2.266259e-01        1.504955e-02            44
    1316        2.822168e+01        2.251549e-01        1.497749e-02            44
    1317        2.761670e+01        2.236420e-01        1.490382e-02            44
    1318        2.701173e+01        2.220806e-01        1.482827e-02            44
    1319        2.640675e+01        2.204731e-01        1.475104e-02            44
    1320        2.580178e+01        2.188126e-01        1.467179e-02            44
    1321        2.519681e+01        2.170989e-01        1.459054e-02            44
    1322        2.459183e+01        2.153320e-01        1.450731e-02            44
    1323        2.398686e+01        2.135043e-01        1.442174e-02            44
    1324        2.338189e+01        2.116150e-01        1.433381e-02            44
    1325        2.277691e+01        2.096638e-01        1.424346e-02            44
    1326        2.217194e+01        2.076422e-01        1.415016e-02            44
    1327        2.156697e+01        2.055492e-01        1.405370e-02            44
    1328        2.096199e+01        2.033808e-01        1.395419e-02            44
    1329        2.035702e+01        2.011354e-01        1.385185e-02            44
    1330        1.975204e+01        1.988034e-01        1.374618e-02            44
    1331        1.914707e+01        1.963827e-01        1.363703e-02            44
    1332        1.854210e+01        1.938681e-01        1.352416e-02            44
    1333        1.793712e+01        1.912538e-01        1.340731e-02            44
    1334        1.733215e+01        1.885341e-01        1.328615e-02            44
    1335        1.672718e+01        1.857023e-01        1.316032e-02            44
    1336        1.612220e+01        1.827512e-01        1.302950e-02            44
    1337        1.551723e+01        1.796735e-01        1.289332e-02            44
    1338        1.491226e+01        1.764604e-01        1.275141e-02            44
    1339        1.430728e+01        1.731032e-01        1.260340e-02            44
    1340        1.370231e+01        1.695916e-01        1.244867e-02            44
    1341        1.353707e+01        1.686191e-01        1.240593e-02            44
    1342        1.337183e+01        1.676316e-01        1.236242e-02            44
    1343        1.320659e+01        1.666338e-01        1.231836e-02            44
    1344        1.304135e+01        1.656231e-01        1.227374e-02            44
    1345        1.287611e+01        1.645990e-01        1.222858e-02            44
    1346        1.271087e+01        1.635588e-01        1.218274e-02            44
    1347        1.254563e+01        1.625073e-01        1.213642e-02            44
    1348        1.238039e+01        1.614418e-01        1.208945e-02            44
    1349        1.221515e+01        1.603592e-01        1.204164e-02            44
    1350        1.204991e+01        1.592647e-01        1.199328e-02            44
    1351        1.188467e+01        1.581551e-01        1.194425e-02            44
    1352        1.171942e+01        1.570277e-01        1.189432e-02            44
    1353        1.155418e+01        1.558872e-01        1.184365e-02            44
    1354        1.138894e+01        1.547283e-01        1.179208e-02            44
    1355        1.122370e+01        1.535556e-01        1.173994e-02            44
    1356        1.105846e+01        1.523638e-01        1.168697e-02            44
    1357        1.089322e+01        1.511576e-01        1.163342e-02            44
    1358        1.072798e+01        1.499314e-01        1.157896e-02            44
    1359        1.056274e+01        1.486901e-01        1.152380e-02            44
    1360        1.039750e+01        1.474281e-01        1.146755e-02            44
    1361        1.023226e+01        1.461477e-01        1.141019e-02            44
    1362        1.006702e+01        1.448510e-01        1.135183e-02            44
    1363        9.901782e+00        1.435324e-01        1.129217e-02            44
    1364        9.736541e+00        1.421941e-01        1.123149e-02            44
    1365        9.571301e+00        1.408381e-01        1.117011e-02            44
    1366        9.406061e+00        1.394589e-01        1.110768e-02            44
    1367        9.240820e+00        1.380584e-01        1.104424e-02            44
    1368        9.075580e+00        1.366363e-01        1.097970e-02            44
    1369        8.910340e+00        1.351922e-01        1.091399e-02            44
    1370        8.758950e+00        1.337280e-01        1.084718e-02            44
    1371        8.664849e+00        1.322380e-01        1.077896e-02            44
    1372        8.568259e+00        1.307243e-01        1.070941e-02            44
    1373        8.468178e+00        1.291862e-01        1.063848e-02            44
    1374        8.368683e+00        1.276232e-01        1.056614e-02            44
    1375        8.273947e+00        1.260348e-01        1.049238e-02            44
    1376        8.182287e+00        1.244202e-01        1.041713e-02            44
    1377        8.092530e+00        1.227788e-01        1.034033e-02            44
    1378        7.995524e+00        1.211099e-01        1.026183e-02            44
    1379        7.880909e+00        1.194129e-01        1.018148e-02            44
    1380        7.758166e+00        1.176871e-01        1.009929e-02            44
    1381        7.635423e+00        1.159316e-01        1.001525e-02            44
    1382        7.514071e+00        1.141433e-01        9.929146e-03            44
    1383        7.395733e+00        1.123263e-01        9.841198e-03            44
    1384        7.282009e+00        1.104773e-01        9.751194e-03            44
    1385        7.175264e+00        1.085954e-01        9.659054e-03            44
    1386        7.073207e+00        1.066797e-01        9.564660e-03            44
    1387        6.974322e+00        1.047294e-01        9.467891e-03            44
    1388        6.874119e+00        1.027411e-01        9.368444e-03            44
    1389        6.767887e+00        1.007187e-01        9.266437e-03            44
    1390        6.656969e+00        9.865858e-02        9.161590e-03            44
    1391        6.637068e+00        9.876029e-02        9.166763e-03            44
    1392        6.617752e+00        9.886401e-02        9.172068e-03            44
    1393        6.603830e+00        9.896769e-02        9.177422e-03            44
    1394        6.592397e+00        9.906905e-02        9.182653e-03            44
    1395        6.580965e+00        9.917264e-02        9.188022e-03            44
    1396        6.573340e+00        9.927400e-02        9.193286e-03            44
    1397        6.573965e+00        9.937749e-02        9.198768e-03            44
    1398        6.565657e+00        9.947868e-02        9.204009e-03            44
    1399        6.529744e+00        9.958213e-02        9.209102e-03            44
    1400        6.486802e+00        9.968326e-02        9.213967e-03            44
    1401        6.456234e+00        9.978662e-02        9.219097e-03            44
    1402        6.433867e+00        9.988765e-02        9.224164e-03            44
    1403        6.416894e+00        9.999091e-02        9.229425e-03            44
    1404        6.403582e+00        1.000918e-01        9.234578e-03            44
    1405        6.392809e+00        1.001950e-01        9.239895e-03            44
    1406        6.384965e+00        1.002959e-01        9.245096e-03            44
    1407        6.380928e+00        1.003967e-01        9.250334e-03            44
    1408        6.376158e+00        1.004997e-01        9.255703e-03            44
    1409        6.365995e+00        1.006004e-01        9.260863e-03            44
    1410        6.353196e+00        1.007011e-01        9.265988e-03            44
    1411        6.340080e+00        1.008017e-01        9.271105e-03            44
    1412        6.328281e+00        1.009046e-01        9.276374e-03            44
    1413        6.319656e+00        1.010052e-01        9.281530e-03            44
    1414        6.314984e+00        1.011056e-01        9.286726e-03            44
    1415        6.315707e+00        1.012061e-01        9.291978e-03            44
    1416        6.320530e+00        1.013065e-01        9.297272e-03            44
    1417        6.328843e+00        1.014068e-01        9.302600e-03            44
    1418        6.331152e+00        1.015095e-01        9.308000e-03            44
    1419        6.316961e+00        1.016097e-01        9.313065e-03            44
    1420        6.297353e+00        1.017100e-01        9.318061e-03            44
    1421        6.282503e+00        1.018102e-01        9.323107e-03            44
    1422        6.273219e+00        1.019103e-01        9.328210e-03            44
    1423        6.271232e+00        1.020104e-01        9.333393e-03            44
    1424        6.268952e+00        1.021105e-01        9.338569e-03            44
    1425        6.258740e+00        1.022105e-01        9.343647e-03            44
    1426        6.246918e+00        1.023105e-01        9.348701e-03            44
    1427        6.239537e+00        1.024104e-01        9.353802e-03            44
    1428        6.233913e+00        1.025079e-01        9.358770e-03            44
    1429        6.227655e+00        1.026077e-01        9.363874e-03            44
    1430        6.218762e+00        1.027075e-01        9.368942e-03            44
    1431        6.204791e+00        1.028073e-01        9.373945e-03            44
    1432        6.189063e+00        1.029070e-01        9.378921e-03            44
    1433        6.174604e+00        1.030067e-01        9.383907e-03            44
    1434        6.161024e+00        1.031063e-01        9.388898e-03            44
    1435        6.148078e+00        1.032035e-01        9.393742e-03            44
    1436        6.134693e+00        1.033030e-01        9.398724e-03            44
    1437        6.119722e+00        1.034025e-01        9.403681e-03            44
    1438        6.103432e+00        1.035020e-01        9.408616e-03            44
    1439        6.085874e+00        1.035990e-01        9.413385e-03            44
    1440        6.069926e+00        1.036984e-01        9.418312e-03            44
    1441        7.020783e+00        1.182556e-01        1.012888e-02            44
    1442        8.262015e+00        1.311117e-01        1.073133e-02            44
    1443        9.944077e+00        1.462196e-01        1.141752e-02            44
    1444        1.206697e+01        1.623046e-01        1.213275e-02            44
    1445        1.418986e+01        1.758451e-01        1.272988e-02            44
    1446        1.700549e+01        1.907430e-01        1.338953e-02            44
    1447        1.982111e+01        2.030456e-01        1.394305e-02            44
    1448        2.338635e+01        2.157628e-01        1.453037e-02            44
    1449        2.759963e+01        2.278148e-01        1.510918e-02            44
    1450        3.150819e+01        2.369547e-01        1.556893e-02            44
    1451        3.541675e+01        2.445956e-01        1.597183e-02            44
    1452        4.003227e+01        2.521081e-01        1.638858e-02            44
    1453        4.488343e+01        2.586840e-01        1.677472e-02            44
    1454        4.983820e+01        2.643325e-01        1.712598e-02            44
    1455        5.510379e+01        2.694160e-01        1.746095e-02            44
    1456        6.036937e+01        2.737576e-01        1.776395e-02            44
    1457        6.504075e+01        2.771229e-01        1.801124e-02            44
    1458        6.951406e+01        2.799856e-01        1.823137e-02            44
    1459        7.349677e+01        2.822855e-01        1.841552e-02            44
    1460        7.600767e+01        2.836400e-01        1.852693e-02            44
    1461        7.851857e+01        2.849170e-01        1.863449e-02            44
    1462        7.994467e+01        2.856350e-01        1.869595e-02            44
    1463        8.100916e+01        2.861675e-01        1.874198e-02            44
    1464        8.134639e+01        2.863603e-01        1.875854e-02            44
    1465        7.950181e+01        2.855454e-01        1.868709e-02            44
    1466        7.765723e+01        2.846941e-01        1.861363e-02            44
    1467        7.196097e+01        2.817599e-01        1.836961e-02            44
    1468        6.498081e+01        2.775607e-01        1.804058e-02            44
    1469        5.884372e+01        2.731932e-01        1.771978e-02            44
    1470        5.523582e+01        2.702898e-01        1.751682e-02            44
    1471        5.162792e+01        2.670513e-01        1.729908e-02            44
    1472        4.444564e+01        2.592902e-01        1.680888e-02            44
    1473        3.607189e+01        2.472801e-01        1.611785e-02            44
    1474        2.856356e+01        2.322657e-01        1.533406e-02            44
    1475        2.365145e+01        2.189888e-01        1.469018e-02            44
    1476        1.873934e+01        2.014320e-01        1.388308e-02            44
    1477        1.474292e+01        1.823774e-01        1.303874e-02            44
    1478        1.105173e+01        1.588504e-01        1.201012e-02            44
    1479        7.699485e+00        1.297377e-01        1.071191e-02            44
    1480        5.364100e+00        1.027108e-01        9.429262e-03            44
    1481        3.028715e+00        6.714762e-02        7.494987e-03            44
    1482        1.880434e+00        4.816509e-02        6.027030e-03            44
    1483        1.127853e+00        3.334673e-02        4.644073e-03            44
    1484        5.218810e-01        1.761716e-02        2.962073e-03            44
    1485        3.563104e-01        1.252065e-02        2.316645e-03            44
    1486        1.907399e-01        6.990734e-03        1.490739e-03            44
    1487        1.171888e-01        4.376950e-03        1.018860e-03            44
    1488        7.430146e-02        2.804950e-03        6.896654e-04            44
    1489        3.953095e-02        1.505424e-03        3.910706e-04            44
    1490        2.911098e-02        1.111544e-03        2.996165e-04            44
    1491        3.732230e-02        7.155556e-04        2.111102e-04            44
    1492        4.476705e-02        5.588697e-04        1.815662e-04            44
    1493        5.068990e-02        4.823607e-04        1.714008e-04            44
    1494        5.667921e-02        4.276886e-04        1.676676e-04            44
    1495        6.286831e-02        4.385930e-04        1.779083e-04            44
    1496        6.905740e-02        4.494791e-04        1.882031e-04            44
    1497        7.161510e-02        4.631144e-04        1.959279e-04            44
    1498        7.727989e-02        4.813378e-04        2.063381e-04            44
    1499        8.312179e-02        5.198691e-04        2.169522e-04            44
    1500        8.948362e-02        5.626541e-04        2.271825e-04            44
    1501        9.584545e-02        6.056935e-04        2.374634e-04            44
    1502        1.022467e-01        6.535113e-04        2.446723e-04            44
    1503        1.086610e-01        7.038117e-04        2.521554e-04            44
    1504        1.146316e-01        7.492170e-04        2.609441e-04            44
    1505        1.192708e-01        7.768344e-04        2.729406e-04            44
    1506        1.239100e-01        8.039165e-04        2.848108e-04            44
    1507        1.290912e-01        8.549236e-04        2.889230e-04            44
    1508        1.344531e-01        9.168980e-04        2.931360e-04            44
    1509        1.389715e-01        9.694149e-04        3.002774e-04            44
    1510        1.409598e-01        9.844124e-04        3.064600e-04            44
    1511        1.429480e-01        9.991664e-04        3.125852e-04            44
    1512        1.445564e-01        1.029973e-03        3.162293e-04            44
    1513        1.460381e-01        1.067579e-03        3.202358e-04            44
    1514        1.474853e-01        1.110749e-03        3.260405e-04            44
    1515        1.488287e-01        1.168889e-03        3.371785e-04            44
    1516        1.501721e-01        1.231963e-03        3.574099e-04            44
    1517        1.490150e-01        1.248021e-03        3.637196e-04            44
    1518        1.470269e-01        1.246758e-03        3.621844e-04            44
    1519        1.447851e-01        1.245449e-03        3.610958e-04            44
    1520        1.417823e-01        1.244656e-03        3.618469e-04            44
    1521        1.387795e-01        1.243386e-03        3.633774e-04            44
    1522        1.347270e-01        1.229056e-03        3.585292e-04            44
    1523        1.303246e-01        1.209455e-03        3.512142e-04            44
    1524        1.259223e-01        1.188864e-03        3.436818e-04            44
    1525        1.215199e-01        1.167253e-03        3.359281e-04            44
    1526        1.167590e-01        1.141439e-03        3.269336e-04            44
    1527        1.119978e-01        1.114541e-03        3.177050e-04            44
    1528        1.072367e-01        1.086218e-03        3.081835e-04            44
    1529        1.024755e-01        1.056573e-03        2.983931e-04            44
    1530        9.771434e-02        1.025566e-03        2.883290e-04            44
    1531        9.286232e-02        9.924678e-04        2.777749e-04            44
    1532        8.801030e-02        9.578629e-04        2.669269e-04            44
    1533        8.315827e-02        9.216923e-04        2.557778e-04            44
    1534        7.830624e-02        8.840316e-04        2.443453e-04            44
    1535        7.334232e-02        8.430100e-04        2.323773e-04            44
    1536        6.893825e-02        8.065920e-04        2.215892e-04            44
    1537        6.453418e-02        7.686004e-04        2.105124e-04            44
    1538        6.013011e-02        7.291057e-04        1.991632e-04            44
    1539        5.572604e-02        6.879288e-04        1.875136e-04            44
    1540        5.132197e-02        6.451282e-04        1.755778e-04            44
    1541        4.808706e-02        6.142062e-04        1.667798e-04            44
    1542        4.485215e-02        5.822643e-04        1.578175e-04            44
    1543        4.161724e-02        5.490726e-04        1.486494e-04            44
    1544        3.838232e-02        5.146876e-04        1.392816e-04            44
    1545        3.514741e-02        4.789833e-04        1.296923e-04            44
    1546        3.255277e-02        4.498448e-04        1.221444e-04            44
    1547        2.995813e-02        4.197233e-04        1.144347e-04            44
    1548        2.736348e-02        3.887532e-04        1.065869e-04            44
    1549        2.476884e-02        3.567656e-04        9.857487e-05            44
    1550        2.217419e-02        3.238168e-04        9.040941e-05            44
    1551        2.064681e-02        3.050605e-04        8.566113e-05            44
    1552        1.911942e-02        2.857449e-04        8.082397e-05            44
    1553        1.759203e-02        2.659788e-04        7.591626e-05            44
    1554        1.606463e-02        2.456478e-04        7.092035e-05            44
    1555        1.453724e-02        2.248484e-04        6.585242e-05            44
    1556        1.397313e-02        2.187008e-04        6.356948e-05            44
    1557        1.305331e-02        2.062512e-04        6.061496e-05            44
    1558        1.213349e-02        1.935209e-04        5.761754e-05            44
    1559        1.121367e-02        1.805485e-04        5.458347e-05            44
    1560        1.029384e-02        1.672557e-04        5.150094e-05            44
    1561        7.230557e-04        1.198858e-04        1.465166e-05            44
    1562        7.491771e-04        1.198926e-04        1.471955e-05            44
    1563        7.752993e-04        1.198992e-04        1.478790e-05            44
    1564        8.014214e-04        1.199059e-04        1.485706e-05            44
    1565        8.275455e-04        1.199123e-04        1.492625e-05            44
    1566        8.536824e-04        1.199168e-04        1.499606e-05            44
    1567        8.798214e-04        1.199211e-04        1.506584e-05            44
    1568        9.059603e-04        1.199254e-04        1.513639e-05            44
    1569        9.321000e-04        1.199296e-04        1.520725e-05            44
    1570        9.582396e-04        1.199338e-04        1.527886e-05            44
    1571        9.338780e-04        1.199412e-04        1.523831e-05            44
    1572        9.094255e-04        1.199486e-04        1.519690e-05            44
    1573        8.849740e-04        1.199559e-04        1.515454e-05            44
    1574        8.605235e-04        1.199631e-04        1.511125e-05            44
    1575        8.360728e-04        1.199702e-04        1.506746e-05            44
    1576        8.115716e-04        1.199740e-04        1.502143e-05            44
    1577        7.870702e-04        1.199777e-04        1.497490e-05            44
    1578        7.625687e-04        1.199814e-04        1.492788e-05            44
    1579        7.380694e-04        1.199850e-04        1.487956e-05            44
    1580        7.135687e-04        1.199886e-04        1.483116e-05            44
    1581        6.923003e-04        1.199935e-04        1.478991e-05            44
    1582        6.710330e-04        1.199983e-04        1.474787e-05            44
    1583        6.497654e-04        1.200030e-04        1.470542e-05            44
    1584        6.284977e-04        1.200078e-04        1.466255e-05            44
    1585        6.072311e-04        1.200124e-04        1.461892e-05            44
    1586        5.891350e-04        1.200151e-04        1.458211e-05            44
    1587        5.710400e-04        1.200176e-04        1.454461e-05            44
    1588        5.529448e-04        1.200202e-04        1.450679e-05            44
    1589        5.348496e-04        1.200228e-04        1.446863e-05            44
    1590        5.167554e-04        1.200252e-04        1.442982e-05            44
    1591        4.986997e-04        1.200297e-04        1.439151e-05            44
    1592        4.806439e-04        1.200341e-04        1.435287e-05            44
    1593        4.625892e-04        1.200384e-04        1.431359e-05            44
    1594        4.445344e-04        1.200427e-04        1.427398e-05            44
    1595        4.264806e-04        1.200470e-04        1.423376e-05            44
    1596        4.198162e-04        1.200492e-04        1.422163e-05            44
    1597        4.131517e-04        1.200514e-04        1.420939e-05            44
    1598        4.064871e-04        1.200536e-04        1.419705e-05            44
    1599        3.998236e-04        1.200558e-04        1.418435e-05            44
    1600        3.931599e-04        1.200579e-04        1.417155e-05            44
    1601        3.864931e-04        1.200607e-04        1.415888e-05            44
    1602        3.798273e-04        1.200633e-04        1.414585e-05            44
    1603        3.731614e-04        1.200660e-04        1.413273e-05            44
    1604        3.664954e-04        1.200687e-04        1.411951e-05            44
    1605        3.598293e-04        1.200713e-04        1.410619e-05            44
    1606        1.613907e-04        1.200733e-04        1.319343e-05            44
    1607        1.614197e-04        1.200752e-04        1.319405e-05            44
    1608        1.614487e-04        1.200771e-04        1.319467e-05            44
    1609        1.614778e-04        1.200790e-04        1.319528e-05            44
    1610        1.615068e-04        1.200809e-04        1.319588e-05            44
    1611        1.615400e-04        1.200827e-04        1.319656e-05            44
    1612        1.615733e-04        1.200845e-04        1.319722e-05            44
    1613        1.616065e-04        1.200863e-04        1.319788e-05            44
    1614        1.616397e-04        1.200881e-04        1.319854e-05            44
    1615        1.616729e-04        1.200899e-04        1.319918e-05            44
    1616        1.617897e-04        1.200903e-04        1.320099e-05            44
    1617        1.619065e-04        1.200906e-04        1.320280e-05            44
    1618        1.620232e-04        1.200910e-04        1.320461e-05            44
    1619        1.621400e-04        1.200913e-04        1.320641e-05            44
    1620        1.622567e-04        1.200916e-04        1.320821e-05            44
    1621        1.622647e-04        1.200932e-04        1.320880e-05            44
    1622        1.622727e-04        1.200949e-04        1.320939e-05            44
    1623        1.622806e-04        1.200965e-04        1.320998e-05            44
    1624        1.622885e-04        1.200980e-04        1.321055e-05            44
    1625        1.622965e-04        1.200996e-04        1.321112e-05            44
    1626        1.622062e-04        1.200992e-04        1.320947e-05            44
    1627        1.621159e-04        1.200988e-04        1.320781e-05            44
    1628        1.620257e-04        1.200983e-04        1.320614e-05            44
    1629        1.619354e-04        1.200978e-04        1.320447e-05            44
    1630        1.618451e-04        1.200974e-04        1.320278e-05            44
    1631        1.618370e-04        1.200975e-04        1.320289e-05            44
    1632        1.618290e-04        1.200976e-04        1.320300e-05            44
    1633        1.618209e-04        1.200977e-04        1.320310e-05            44
    1634        1.618129e-04        1.200978e-04        1.320320e-05            44
    1635        1.618048e-04        1.200979e-04        1.320329e-05            44
    1636        1.617968e-04        1.200980e-04        1.320338e-05            44
    1637        1.617888e-04        1.200981e-04        1.320347e-05            44
    1638        1.617808e-04        1.200981e-04        1.320355e-05            44
    1639        1.617728e-04        1.200982e-04        1.320362e-05            44
    1640        1.617647e-04        1.200982e-04        1.320370e-05            44
    1641        1.617409e-04        1.200969e-04        1.320335e-05            44
    1642        1.617170e-04        1.200955e-04        1.320300e-05            44
    1643        1.616931e-04        1.200942e-04        1.320264e-05            44
    1644        1.616692e-04        1.200928e-04        1.320228e-05            44
    1645        1.616453e-04        1.200914e-04        1.320192e-05            44
    1646        1.616214e-04        1.200900e-04        1.320155e-05            44
    1647        1.615976e-04        1.200886e-04        1.320118e-05            44
    1648        1.615738e-04        1.200872e-04        1.320081e-05            44
    1649        1.615499e-04        1.200858e-04        1.320044e-05            44
    1650        1.615261e-04        1.200844e-04        1.320005e-05            44
    1651        1.614863e-04        1.200816e-04        1.319925e-05            44
    1652        1.614464e-04        1.200788e-04        1.319844e-05            44
    1653        1.614066e-04        1.200760e-04        1.319762e-05            44
    1654        1.613668e-04        1.200731e-04        1.319680e-05            44
    1655        1.613269e-04        1.200703e-04        1.319597e-05            44
    1656        1.612951e-04        1.200681e-04        1.319536e-05            44
    1657        1.612632e-04        1.200659e-04        1.319474e-05            44
    1658        1.612313e-04        1.200637e-04        1.319412e-05            44
    1659        1.611995e-04        1.200615e-04        1.319349e-05            44
    1660        1.611676e-04        1.200593e-04        1.319286e-05            44
    1661        1.611691e-04        1.200544e-04        1.319207e-05            44
    1662        1.611706e-04        1.200495e-04        1.319127e-05            44
    1663        1.611721e-04        1.200446e-04        1.319047e-05            44
    1664        1.611735e-04        1.200397e-04        1.318967e-05            44
    1665        1.611750e-04        1.200347e-04        1.318886e-05            44
    1666        1.610871e-04        1.200311e-04        1.318712e-05            44
    1667        1.609992e-04        1.200274e-04        1.318537e-05            44
    1668        1.609113e-04        1.200238e-04        1.318362e-05            44
    1669        1.608234e-04        1.200201e-04        1.318187e-05            44

WORST WAVELENGTH BIN BY ABSOLUTE DIFFERENCE
--------------------------------------------------------------------------------------------------------------
Bin                           : 12
Atmospheric level             : 2
Maximum absolute difference   : 3.357452165222e+04
Maximum relative difference   : 6.533166262996e-04
Mean relative difference      : 5.542848237685e-05

WORST WAVELENGTH BIN BY RELATIVE DIFFERENCE
--------------------------------------------------------------------------------------------------------------
Bin                           : 1056
Maximum relative difference   : 3.214780018892e-01
Mean relative difference      : 2.429593244657e-02
Meaningful atmospheric levels: 44/58

==============================================================================================================
SELECTED WAVELENGTH-BIN DIAGNOSTICS
==============================================================================================================
     Bin           Ref min           Ref max          Base min          Base max           Max Abs
--------------------------------------------------------------------------------------------------------------
       0      0.000000e+00      9.255566e+10      0.000000e+00      9.255566e+10      7.435700e+03
      10      0.000000e+00      6.961290e+10      0.000000e+00      6.961291e+10      2.737880e+04
      50      0.000000e+00      4.396899e+10      0.000000e+00      4.396899e+10      8.994176e+03
     100      0.000000e+00      4.502217e+10      0.000000e+00      4.502217e+10      6.781086e+03
     200      0.000000e+00      3.698077e+09      0.000000e+00      3.698075e+09      1.750800e+03
     400      0.000000e+00      1.290663e+09      0.000000e+00      1.290662e+09      1.142999e+03
     600      0.000000e+00      6.270870e+08      0.000000e+00      6.270858e+08      1.556513e+03
     800      0.000000e+00      7.696206e+07      0.000000e+00      7.696186e+07      2.145973e+02
    1000      0.000000e+00      6.572273e+06      0.000000e+00      6.571789e+06      7.691575e+02
    1200      0.000000e+00      7.116259e+05      0.000000e+00      7.114822e+05      2.252095e+02
    1400      0.000000e+00      1.534601e+04      0.000000e+00      1.533952e+04      6.486802e+00
    1600      0.000000e+00      4.786705e+01      0.000000e+00      4.786666e+01      3.931599e-04
    1669      0.000000e+00      3.915504e+01      0.000000e+00      3.915502e+01      1.608234e-04

==============================================================================================================
END OF STAGE 4
==============================================================================================================
