STAGE 5 — aflux NUMERICAL COMPARISON
==============================================================================================================

STRUCTURAL CHECK
--------------------------------------------------------------------------------------------------------------
Reference shape : (57, 1670)
Baseline shape  : (57, 1670)
Shape identical : True
Number of atmospheric levels : 57
Number of wavelength bins   : 1670

NUMERICAL RANGE
--------------------------------------------------------------------------------------------------------------
Reference minimum |aflux| : 0.000000000000e+00
Reference maximum |aflux| : 5.270487816704e+14
Baseline minimum |aflux|  : 0.000000000000e+00
Baseline maximum |aflux|  : 5.270498818060e+14

RELATIVE-ERROR THRESHOLD
--------------------------------------------------------------------------------------------------------------
Largest |reference aflux| : 5.270487816704e+14
Relative-error threshold  : 5.270487816704e+02
Note: this threshold is numerical only.

OVERALL COMPARISON
--------------------------------------------------------------------------------------------------------------
Total elements compared       : 95190
Exactly identical elements    : 58017
Exact-match fraction          : 60.948629%
Meaningful elements           : 23377
Overall maximum absolute diff : 2.177783877656e+10
Overall maximum relative diff : 3.258319317770e-02
Overall mean relative diff    : 1.728394227110e-04
Overall median relative diff  : 3.782130044566e-05

LARGEST ABSOLUTE DISCREPANCY
--------------------------------------------------------------------------------------------------------------
Atmospheric index             : 45
Wavelength-bin index         : 1610
Reference aflux               : 4.265681566481e+14
Baseline aflux                : 4.265899344869e+14
Absolute difference           : 2.177783877656e+10
Relative difference           : 5.105359703286e-05

==============================================================================================================
ATMOSPHERIC-LEVEL SUMMARY
==============================================================================================================
   Level             Max Abs             Max Rel            Mean Rel          Median Rel    Meaningful
--------------------------------------------------------------------------------------------------------------
       0        7.975809e-16        0.000000e+00        0.000000e+00        0.000000e+00             0
       1        2.065536e-15        0.000000e+00        0.000000e+00        0.000000e+00             0
       2        4.335951e-15        0.000000e+00        0.000000e+00        0.000000e+00             0
       3        6.050592e-15        0.000000e+00        0.000000e+00        0.000000e+00             0
       4        7.197455e-15        0.000000e+00        0.000000e+00        0.000000e+00             0
       5        7.827930e-15        0.000000e+00        0.000000e+00        0.000000e+00             0
       6        8.029035e-15        0.000000e+00        0.000000e+00        0.000000e+00             0
       7        7.899155e-15        0.000000e+00        0.000000e+00        0.000000e+00             0
       8        9.313888e-15        0.000000e+00        0.000000e+00        0.000000e+00             0
       9        1.087469e-14        0.000000e+00        0.000000e+00        0.000000e+00             0
      10        1.175474e-14        0.000000e+00        0.000000e+00        0.000000e+00             0
      11        1.193397e-14        0.000000e+00        0.000000e+00        0.000000e+00             0
      12        1.153698e-14        0.000000e+00        0.000000e+00        0.000000e+00             0
      13        1.074054e-14        0.000000e+00        0.000000e+00        0.000000e+00             0
      14        9.710311e-15        0.000000e+00        0.000000e+00        0.000000e+00             0
      15        8.577320e-15        0.000000e+00        0.000000e+00        0.000000e+00             0
      16        7.435490e-15        0.000000e+00        0.000000e+00        0.000000e+00             0
      17        6.346856e-15        0.000000e+00        0.000000e+00        0.000000e+00             0
      18        5.349506e-15        0.000000e+00        0.000000e+00        0.000000e+00             0
      19        4.464071e-15        0.000000e+00        0.000000e+00        0.000000e+00             0
      20        3.696763e-15        0.000000e+00        0.000000e+00        0.000000e+00             0
      21        4.672086e-15        0.000000e+00        0.000000e+00        0.000000e+00             0
      22        5.328140e-15        0.000000e+00        0.000000e+00        0.000000e+00             0
      23        1.018586e-14        0.000000e+00        0.000000e+00        0.000000e+00             0
      24        2.142212e-14        0.000000e+00        0.000000e+00        0.000000e+00             0
      25        4.596402e-12        0.000000e+00        0.000000e+00        0.000000e+00             0
      26        3.908783e-09        0.000000e+00        0.000000e+00        0.000000e+00             0
      27        8.741941e-06        0.000000e+00        0.000000e+00        0.000000e+00             0
      28        1.478119e-02        0.000000e+00        0.000000e+00        0.000000e+00             0
      29        3.280440e+01        1.954637e-02        7.648271e-04        2.394316e-04            85
      30        5.570496e+03        3.258319e-02        4.986413e-03        7.046917e-04           529
      31        2.924498e+05        5.509248e-04        1.190587e-04        4.108681e-05           624
      32        1.302955e+07        1.917506e-04        5.944815e-05        5.069654e-05           639
      33        1.428479e+08        1.673592e-04        7.170171e-05        7.215256e-05           658
      34        3.876928e+08        2.433561e-04        7.972211e-05        5.369728e-05           686
      35        1.640783e+09        7.997848e-04        2.243293e-04        8.057299e-05           709
      36        3.058583e+09        2.371066e-04        7.768278e-05        6.543844e-05           727
      37        4.273064e+09        5.810192e-05        3.646898e-05        4.550810e-05           730
      38        7.485079e+09        7.143904e-05        5.393584e-05        5.709678e-05           746
      39        1.080054e+10        7.900557e-05        6.188675e-05        6.361874e-05           748
      40        1.384359e+10        8.013233e-05        6.382164e-05        6.472085e-05           769
      41        1.759372e+10        8.157337e-05        6.508502e-05        6.608136e-05           787
      42        1.993008e+10        7.450639e-05        5.953192e-05        6.083221e-05           797
      43        2.076178e+10        6.332991e-05        5.056245e-05        5.206827e-05           807
      44        2.146697e+10        5.592553e-05        4.458039e-05        4.607616e-05           828
      45        2.177784e+10        9.933821e-05        4.163172e-05        4.228292e-05           865
      46        2.048065e+10        9.766943e-05        3.684398e-05        3.737033e-05           882
      47        1.910109e+10        1.774113e-04        3.519926e-05        3.359222e-05           900
      48        1.857850e+10        2.653261e-04        3.598212e-05        3.179895e-05           915
      49        1.733393e+10        3.723721e-04        3.881769e-05        2.923063e-05           940
      50        1.528842e+10        4.889809e-04        4.342345e-05        2.568447e-05           971
      51        1.285035e+10        6.330182e-04        5.029597e-05        2.167275e-05          1009
      52        1.020722e+10        8.256113e-04        5.999186e-05        1.748786e-05          1054
      53        7.800349e+09        9.969875e-04        6.987321e-05        1.375074e-05          1101
      54        5.514336e+09        8.158722e-04        6.683648e-05        1.024305e-05          1147
      55        3.266376e+09        7.800520e-04        6.739493e-05        6.843226e-06          1234
      56        1.100136e+09        2.573946e-05        4.601181e-06        2.611942e-06          1490

WORST LEVEL BY ABSOLUTE DIFFERENCE
--------------------------------------------------------------------------------------------------------------
Level                        : 45
Wavelength-bin              : 1610
Maximum absolute difference : 2.177783877656e+10
Maximum relative difference : 9.933821360769e-05
Mean relative difference    : 4.163171559103e-05

WORST LEVEL BY RELATIVE DIFFERENCE
--------------------------------------------------------------------------------------------------------------
Level                        : 30
Maximum relative difference : 3.258319317770e-02
Mean relative difference    : 4.986412931485e-03
Median relative difference  : 7.046917284437e-04
Meaningful wavelength bins  : 529/1670

==============================================================================================================
WAVELENGTH-BIN SUMMARY
==============================================================================================================
     Bin             Max Abs             Max Rel            Mean Rel          Median Rel    Meaningful
--------------------------------------------------------------------------------------------------------------
     151        2.956000e-10        0.000000e+00        0.000000e+00        0.000000e+00             0
     152        4.955325e-10        0.000000e+00        0.000000e+00        0.000000e+00             0
     153        8.684538e-10        0.000000e+00        0.000000e+00        0.000000e+00             0
     154        1.259821e-09        0.000000e+00        0.000000e+00        0.000000e+00             0
     155        1.516810e-09        2.385548e-12        2.385548e-12        2.385548e-12             1
     156        1.753961e-09        2.296711e-12        2.296711e-12        2.296711e-12             1
     157        1.879926e-09        2.108101e-12        2.108101e-12        2.108101e-12             1
     158        1.792387e-09        1.757122e-12        1.757122e-12        1.757122e-12             1
     159        1.501348e-09        1.307106e-12        1.307106e-12        1.307106e-12             1
     160        1.087301e-09        8.512042e-13        8.512042e-13        8.512042e-13             1
     161        7.562448e-10        5.377323e-13        5.377323e-13        5.377323e-13             1
     162        7.300969e-10        4.754539e-13        4.754539e-13        4.754539e-13             1
     163        1.201443e-09        7.215757e-13        7.215757e-13        7.215757e-13             1
     164        2.594334e-09        1.445551e-12        1.445551e-12        1.445551e-12             1
     165        3.372179e-09        1.752140e-12        1.752140e-12        1.752140e-12             1
     166        2.913566e-09        1.417975e-12        1.417975e-12        1.417975e-12             1
     167        2.240085e-09        1.025165e-12        1.025165e-12        1.025165e-12             1
     168        1.854914e-09        8.010217e-13        8.010217e-13        8.010217e-13             1
     169        1.919489e-09        7.845850e-13        7.845850e-13        7.845850e-13             1
     170        2.589786e-09        1.004749e-12        1.004749e-12        1.004749e-12             1
     171        4.793037e-09        1.769420e-12        1.769420e-12        1.769420e-12             1
     172        9.059477e-09        3.189598e-12        3.189598e-12        3.189598e-12             1
     173        1.101853e-08        3.707386e-12        3.707386e-12        3.707386e-12             1
     174        1.246553e-08        4.015953e-12        4.015953e-12        4.015953e-12             1
     175        1.422495e-08        4.395587e-12        4.395587e-12        4.395587e-12             1
     176        1.878880e-08        5.577624e-12        5.577624e-12        5.577624e-12             1
     177        3.598643e-08        1.027819e-11        1.027819e-11        1.027819e-11             1
     178        6.677192e-08        1.837365e-11        1.837365e-11        1.837365e-11             1
     179        3.761488e-08        9.984813e-12        9.984813e-12        9.984813e-12             1
     180        2.062916e-08        5.288803e-12        5.288803e-12        5.288803e-12             1
     181        1.753642e-08        4.347060e-12        4.347060e-12        4.347060e-12             1
     182        2.175966e-08        5.220812e-12        5.220812e-12        5.220812e-12             1
     183        3.723017e-08        8.654396e-12        8.654396e-12        8.654396e-12             1
     184        7.211020e-08        1.625525e-11        1.625525e-11        1.625525e-11             1
     185        1.240323e-07        2.713709e-11        2.713709e-11        2.713709e-11             1
     186        1.672270e-07        3.554029e-11        3.554029e-11        3.554029e-11             1
     187        1.585149e-07        3.274966e-11        3.274966e-11        3.274966e-11             1
     188        1.035132e-07        2.080522e-11        2.080522e-11        2.080522e-11             1
     189        8.949428e-08        1.751106e-11        1.751106e-11        1.751106e-11             1
     190        1.196458e-07        2.280561e-11        2.280561e-11        2.280561e-11             1
     191        2.136303e-07        3.969223e-11        3.969223e-11        3.969223e-11             1
     192        1.577173e-05        2.858105e-09        2.858105e-09        2.858105e-09             1
     193        6.802654e-04        1.202868e-07        1.202868e-07        1.202868e-07             1
     194        1.014211e-02        1.745366e-06        1.745366e-06        1.745366e-06             1
     195        7.308183e-04        1.232680e-07        1.232680e-07        1.232680e-07             1
     196        7.092860e-05        2.684686e-11        2.684686e-11        2.684686e-11             1
     197        1.060031e-04        2.006657e-11        2.006657e-11        2.006657e-11             1
     198        2.948958e-04        3.719798e-11        3.719798e-11        3.719798e-11             1
     199        2.942139e-01        2.781435e-08        2.781435e-08        2.781435e-08             1
     200        1.199607e+01        5.987074e-04        2.998063e-04        2.998063e-04             2
     201        1.046145e+02        3.734254e-04        1.899380e-04        1.899380e-04             2
     202        3.242282e+02        5.342651e-04        2.670527e-04        2.509783e-04             3
     203        5.060681e+02        4.414141e-04        2.238167e-04        2.097535e-04             3
     204        3.229055e+02        6.182701e-04        3.048710e-04        2.836052e-04             3
     205        2.646813e+01        5.882943e-04        2.946444e-04        2.946444e-04             2
     206        1.638209e+02        3.926647e-04        1.990865e-04        1.990865e-04             2
     207        6.078418e+02        5.080172e-04        2.548742e-04        2.395343e-04             3
     208        6.525125e+02        5.145374e-04        2.572702e-04        2.403154e-04             3
     209        9.141075e+02        4.297231e-04        2.188799e-04        2.063016e-04             3
     210        1.656610e+03        4.267260e-04        2.129323e-04        1.996319e-04             4
     211        2.045383e+03        4.919752e-04        2.368496e-04        2.131771e-04             5
     212        1.694700e+03        4.987476e-04        2.424453e-04        2.228146e-04             4
     213        1.034708e+03        4.739809e-04        2.383855e-04        2.223673e-04             3
     214        1.534714e+02        4.640807e-04        2.335387e-04        2.335387e-04             2
     215        5.875095e+01        5.772740e-04        2.891841e-04        2.891841e-04             2
     216        2.062874e+03        4.795844e-04        2.399073e-04        2.274559e-04             4
     217        3.276916e+03        4.098352e-04        1.932059e-04        1.770557e-04             6
     218        3.415643e+03        4.039938e-04        1.818454e-04        1.614183e-04             7
     219        3.435283e+03        3.301575e-04        1.504279e-04        1.349615e-04             7
     220        3.379530e+03        3.311701e-04        1.486474e-04        1.314494e-04             8
     221        3.574544e+03        2.910763e-04        1.328785e-04        1.193546e-04             7
     222        3.841544e+03        3.203721e-04        1.460500e-04        1.310865e-04             7
     223        4.201474e+03        3.885302e-04        1.804928e-04        1.633060e-04             6
     224        4.380399e+03        3.384717e-04        1.627101e-04        1.513295e-04             6
     225        4.098465e+03        2.798560e-04        1.287248e-04        1.163114e-04             7
     226        4.133144e+03        3.020062e-04        1.347969e-04        1.186405e-04             8
     227        4.258030e+03        2.456388e-04        1.114153e-04        9.946348e-05             8
     228        4.296740e+03        2.248555e-04        1.012458e-04        8.974036e-05             8
     229        4.344262e+03        2.133347e-04        9.550218e-05        8.428165e-05             8
     230        4.605270e+03        3.120564e-04        1.350253e-04        1.152911e-04             8
     231        6.030711e+03        3.254871e-04        1.429794e-04        1.243030e-04             7
     232        7.496204e+03        3.628781e-04        1.587516e-04        1.373986e-04             7
     233        8.833574e+03        3.640913e-04        1.604288e-04        1.397503e-04             7
     234        1.007570e+04        3.600726e-04        1.586534e-04        1.382097e-04             7
     235        1.048881e+04        2.879723e-04        1.276606e-04        1.119041e-04             7
     236        1.194490e+04        3.137497e-04        1.373324e-04        1.190307e-04             7
     237        1.409444e+04        4.012021e-04        1.728572e-04        1.473307e-04             7
     238        1.565382e+04        3.190023e-04        1.469378e-04        1.319670e-04             6
     239        1.732331e+04        3.940548e-04        1.791707e-04        1.590840e-04             6
     240        1.865895e+04        4.320236e-04        1.950979e-04        1.721625e-04             6
     241        2.002584e+04        4.372196e-04        1.985661e-04        1.761357e-04             6
     242        2.144583e+04        4.197727e-04        1.910162e-04        1.697274e-04             6
     243        2.280794e+04        3.703988e-04        1.697613e-04        1.517974e-04             6
     244        2.416796e+04        4.281741e-04        1.941262e-04        1.719248e-04             6
     245        2.534740e+04        4.678770e-04        2.108103e-04        1.856725e-04             6
     246        2.628930e+04        5.194174e-04        2.318807e-04        2.025611e-04             6
     247        2.707807e+04        3.927310e-04        1.888442e-04        1.687202e-04             5
     248        2.728547e+04        4.420630e-04        2.113648e-04        1.880377e-04             5
     249        2.824144e+04        4.561100e-04        2.171473e-04        1.923221e-04             5
     250        2.988688e+04        4.378911e-04        2.097040e-04        1.868748e-04             5
     251        2.561608e+05        6.014528e-04        2.674397e-04        2.331000e-04             6
     252        4.733680e+05        6.330182e-04        2.809663e-04        2.446572e-04             6
     253        7.287469e+05        5.473831e-04        2.438693e-04        2.127124e-04             6
     254        7.816045e+05        5.057313e-04        2.268615e-04        1.997920e-04             6
     255        6.255194e+05        2.711998e-04        1.374891e-04        1.289526e-04             5
     256        8.761760e+05        3.919338e-04        1.914081e-04        1.744307e-04             5
     257        1.177008e+06        5.545772e-04        2.614686e-04        2.303145e-04             5
     258        1.159779e+06        5.417068e-04        2.553134e-04        2.245755e-04             5
     259        1.059315e+06        5.996507e-04        2.805544e-04        2.454711e-04             5
     260        1.046168e+06        5.742034e-04        2.704047e-04        2.381753e-04             5
     261        1.047004e+06        5.415696e-04        2.560304e-04        2.260976e-04             5
     262        1.003655e+06        5.541641e-04        2.609085e-04        2.293856e-04             5
     263        8.769685e+05        6.482609e-04        3.024806e-04        2.647051e-04             5
     264        7.000221e+05        8.186070e-04        3.771681e-04        3.287050e-04             5
     265        6.745009e+05        8.022036e-04        3.726236e-04        3.280213e-04             5
     266        7.221560e+05        7.135981e-04        3.331723e-04        2.933263e-04             5
     267        7.143884e+05        6.935345e-04        3.234128e-04        2.837993e-04             5
     268        6.415719e+05        7.493225e-04        3.481318e-04        3.052857e-04             5
     269        5.792879e+05        8.024845e-04        3.709162e-04        3.242730e-04             5
     270        5.322710e+05        8.226208e-04        3.815417e-04        3.356690e-04             5
     271        5.075090e+05        8.256113e-04        3.820497e-04        3.351183e-04             5
     272        4.004604e+05        6.666832e-04        3.180917e-04        2.916614e-04             4
     273        3.343662e+05        7.298593e-04        3.473141e-04        3.193787e-04             4
     274        3.338717e+05        6.983323e-04        3.330681e-04        3.062430e-04             4
     275        3.358111e+05        6.571040e-04        3.150086e-04        2.902767e-04             4
     276        3.253711e+05        6.380465e-04        3.062014e-04        2.819536e-04             4
     277        2.798868e+05        6.826687e-04        3.256997e-04        2.991437e-04             4
     278        2.206374e+05        7.665900e-04        3.636092e-04        3.341173e-04             4
     279        1.804652e+05        8.231451e-04        3.899158e-04        3.592725e-04             4
     280        1.841840e+05        7.606840e-04        3.618179e-04        3.334959e-04             4
     281        1.470699e+05        8.331883e-04        3.933866e-04        3.612255e-04             4
     282        9.474331e+04        9.969875e-04        4.683939e-04        4.314734e-04             4
     283        8.504548e+04        9.787077e-04        4.610083e-04        4.256943e-04             4
     284        8.262131e+04        9.110920e-04        4.309755e-04        3.986483e-04             4
     285        8.720776e+04        7.905643e-04        3.761585e-04        3.476567e-04             4
     286        7.084885e+04        7.905094e-04        3.750360e-04        3.453280e-04             4
     287        4.326680e+04        8.997566e-04        4.243663e-04        3.908057e-04             4
     288        1.786784e+04        6.758341e-04        3.321060e-04        3.100019e-04             3
     289        5.950045e+03        7.829482e-04        3.836535e-04        3.609230e-04             3
     290        5.439160e+01        6.769124e-04        3.334638e-04        3.132357e-04             3
     291        4.387363e+01        3.375120e-04        1.730146e-04        1.730146e-04             2
     292        3.596091e+01        3.594956e-04        1.833334e-04        1.833334e-04             2
     293        3.749689e+01        3.519678e-04        1.797902e-04        1.797902e-04             2
     294        5.914895e+01        6.285620e-04        3.110390e-04        2.926376e-04             3
     295        7.577989e+01        5.526489e-04        2.752250e-04        2.578894e-04             3
     296        7.014501e+01        5.702688e-04        2.832474e-04        2.650425e-04             3
     297        5.314959e+01        6.457622e-04        3.183421e-04        2.977870e-04             3
     298        2.486786e+01        3.884777e-04        1.970787e-04        1.970787e-04             2
     299        9.877353e+00        4.928777e-04        2.476069e-04        2.476069e-04             2
     300        8.517522e+00        5.068970e-04        2.544809e-04        2.544809e-04             2
     301        9.250929e+00        4.948536e-04        2.485752e-04        2.485752e-04             2
     302        7.148129e+00        5.209906e-04        2.614065e-04        2.614065e-04             2
     303        9.913918e+00        4.812708e-04        2.419294e-04        2.419294e-04             2
     304        2.147407e+01        3.883702e-04        1.970314e-04        1.970314e-04             2
     305        3.549517e+01        3.238079e-04        1.666443e-04        1.666443e-04             2
     306        4.038798e+01        6.567843e-04        3.239234e-04        3.039991e-04             3
     307        2.846608e+01        3.439320e-04        1.760255e-04        1.760255e-04             2
     308        9.164484e+00        4.741790e-04        2.384665e-04        2.384665e-04             2
     309        1.232719e+00        6.905284e-04        3.454563e-04        3.454563e-04             2
     310        1.910511e+00        6.403125e-04        3.204636e-04        3.204636e-04             2
     311        1.428779e+00        6.679177e-04        3.341965e-04        3.341965e-04             2
     312        4.771739e-01        7.800520e-04        3.901081e-04        3.901081e-04             2
     313        1.115166e+00        6.869306e-04        3.436642e-04        3.436642e-04             2
     314        5.419394e+00        5.107996e-04        2.563993e-04        2.563993e-04             2
     315        1.158999e+01        4.194121e-04        2.119103e-04        2.119103e-04             2
     316        1.514916e+01        3.829586e-04        1.944594e-04        1.944594e-04             2
     317        1.014706e+01        4.253849e-04        2.147886e-04        2.147886e-04             2
     318        3.236969e+00        5.499554e-04        2.756820e-04        2.756820e-04             2
     319        2.751559e-01        1.256505e-07        1.256505e-07        1.256505e-07             1
     320        4.549167e-02        2.179805e-08        2.179805e-08        2.179805e-08             1
     321        2.222587e-01        1.120015e-07        1.120015e-07        1.120015e-07             1
     322        1.875158e-01        9.966511e-08        9.966511e-08        9.966511e-08             1
     323        8.414709e-02        4.732042e-08        4.732042e-08        4.732042e-08             1
     324        3.119611e-01        1.862114e-07        1.862114e-07        1.862114e-07             1
     325        1.324129e+00        6.066241e-04        3.037328e-04        3.037328e-04             2
     326        2.886336e+00        5.133183e-04        2.576384e-04        2.576384e-04             2
     327        3.468696e+00        4.843749e-04        2.434518e-04        2.434518e-04             2
     328        2.124231e+00        5.305650e-04        2.661226e-04        2.661226e-04             2
     329        3.540406e-01        3.060755e-07        3.060755e-07        3.060755e-07             1
     330        2.328415e-03        2.213343e-09        2.213343e-09        2.213343e-09             1
     331        4.103502e-04        4.330417e-10        4.330417e-10        4.330417e-10             1
     332        5.128395e-03        6.083130e-09        6.083130e-09        6.083130e-09             1
     333        1.202422e-02        1.628538e-08        1.628538e-08        1.628538e-08             1
     334        1.972953e-02        3.114489e-08        3.114489e-08        3.114489e-08             1
     335        5.320361e-02        1.006733e-07        1.006733e-07        1.006733e-07             1
     336        1.610939e-01        3.804384e-07        3.804384e-07        3.804384e-07             1
     337        3.137397e-01        5.896398e-04        2.953126e-04        2.953126e-04             2
     338        2.566721e-01        1.206360e-06        1.206360e-06        1.206360e-06             1
     339        7.723001e-02        7.235037e-07        7.235037e-07        7.235037e-07             1
     340        4.844555e-05        6.334710e-08        6.334710e-08        6.334710e-08             1
     341        1.554776e-07        2.057204e-10        2.057204e-10        2.057204e-10             1
     342        5.579307e-08        7.470761e-11        7.470761e-11        7.470761e-11             1
     343        2.647041e-07        3.587493e-10        3.587493e-10        3.587493e-10             1
     344        1.926487e-06        2.643104e-09        2.643104e-09        2.643104e-09             1
     345        5.491264e-06        7.628019e-09        7.628019e-09        7.628019e-09             1
     346        2.019631e-05        2.841003e-08        2.841003e-08        2.841003e-08             1
     347        8.643630e-05        1.231378e-07        1.231378e-07        1.231378e-07             1
     348        2.608697e-04        3.763381e-07        3.763381e-07        3.763381e-07             1
     349        3.269541e-04        4.778363e-07        4.778363e-07        4.778363e-07             1
     350        1.863140e-04        2.760472e-07        2.760472e-07        2.760472e-07             1
     351        3.340686e-05        5.018827e-08        5.018827e-08        5.018827e-08             1
     352        1.482452e-07        2.258131e-10        2.258131e-10        2.258131e-10             1
     353        4.433446e-08        6.848265e-11        6.848265e-11        6.848265e-11             1
     354        9.822350e-08        1.538939e-10        1.538939e-10        1.538939e-10             1
     355        1.850466e-07        2.941390e-10        2.941390e-10        2.941390e-10             1
     356        2.572832e-07        4.150024e-10        4.150024e-10        4.150024e-10             1
     357        1.277131e-06        2.090966e-09        2.090966e-09        2.090966e-09             1
     358        6.129735e-06        1.018899e-08        1.018899e-08        1.018899e-08             1
     359        4.011263e-05        6.770708e-08        6.770708e-08        6.770708e-08             1
     360        1.285005e-04        2.202786e-07        2.202786e-07        2.202786e-07             1
     361        1.051657e-04        1.831869e-07        1.831869e-07        1.831869e-07             1
     362        1.685518e-05        2.984671e-08        2.984671e-08        2.984671e-08             1
     363        2.310425e-07        4.159570e-10        4.159570e-10        4.159570e-10             1
     364        4.085632e-08        7.480462e-11        7.480462e-11        7.480462e-11             1
     365        6.833761e-08        1.272853e-10        1.272853e-10        1.272853e-10             1
     366        1.948893e-07        3.694009e-10        3.694009e-10        3.694009e-10             1
     367        1.341630e-07        0.000000e+00        0.000000e+00        0.000000e+00             0
     368        3.760321e-07        0.000000e+00        0.000000e+00        0.000000e+00             0
     369        1.172562e-06        0.000000e+00        0.000000e+00        0.000000e+00             0
     370        1.202884e-05        0.000000e+00        0.000000e+00        0.000000e+00             0
     371        3.133447e-05        0.000000e+00        0.000000e+00        0.000000e+00             0
     372        2.852586e-05        0.000000e+00        0.000000e+00        0.000000e+00             0
     373        6.562445e-06        0.000000e+00        0.000000e+00        0.000000e+00             0
     374        1.017528e-07        0.000000e+00        0.000000e+00        0.000000e+00             0
     375        3.565611e-08        0.000000e+00        0.000000e+00        0.000000e+00             0
     376        7.822541e-08        0.000000e+00        0.000000e+00        0.000000e+00             0
     377        3.152491e-07        0.000000e+00        0.000000e+00        0.000000e+00             0
     378        8.264064e-07        0.000000e+00        0.000000e+00        0.000000e+00             0
     379        2.638911e-07        0.000000e+00        0.000000e+00        0.000000e+00             0
     380        8.389121e-07        0.000000e+00        0.000000e+00        0.000000e+00             0
     381        7.227957e-06        0.000000e+00        0.000000e+00        0.000000e+00             0
     382        2.388191e-05        0.000000e+00        0.000000e+00        0.000000e+00             0
     383        2.790453e-05        0.000000e+00        0.000000e+00        0.000000e+00             0
     384        2.050421e-05        0.000000e+00        0.000000e+00        0.000000e+00             0
     385        3.300100e-06        0.000000e+00        0.000000e+00        0.000000e+00             0
     386        2.910534e-07        0.000000e+00        0.000000e+00        0.000000e+00             0
     387        2.351783e-08        0.000000e+00        0.000000e+00        0.000000e+00             0
     388        1.909319e-08        0.000000e+00        0.000000e+00        0.000000e+00             0
     389        1.875467e-07        0.000000e+00        0.000000e+00        0.000000e+00             0
     390        3.542452e-06        0.000000e+00        0.000000e+00        0.000000e+00             0
     391        7.673545e-06        0.000000e+00        0.000000e+00        0.000000e+00             0
     392        2.037048e-05        3.463753e-08        3.463753e-08        3.463753e-08             1
     393        3.647039e-05        4.978700e-08        4.978700e-08        4.978700e-08             1
     394        5.836333e-05        6.653571e-08        6.653571e-08        6.653571e-08             1
     395        8.774624e-05        8.585395e-08        8.585395e-08        8.585395e-08             1
     396        8.655056e-05        7.415983e-08        7.415983e-08        7.415983e-08             1
     397        4.724265e-05        3.600022e-08        3.600022e-08        3.600022e-08             1
     398        3.626915e-06        2.488092e-09        2.488092e-09        2.488092e-09             1
     399        2.575780e-07        1.606460e-10        1.606460e-10        1.606460e-10             1
     400        2.681729e-07        1.533044e-10        1.533044e-10        1.533044e-10             1
     401        5.697851e-06        3.006153e-09        3.006153e-09        3.006153e-09             1
     402        4.622172e-05        2.263818e-08        2.263818e-08        2.263818e-08             1
     403        1.037362e-04        4.740363e-08        4.740363e-08        4.740363e-08             1
     404        1.177955e-04        5.044511e-08        5.044511e-08        5.044511e-08             1
     405        1.319609e-04        5.316503e-08        5.316503e-08        5.316503e-08             1
     406        1.776175e-04        6.755243e-08        6.755243e-08        6.755243e-08             1
     407        1.155025e-04        4.159804e-08        4.159804e-08        4.159804e-08             1
     408        3.296150e-05        1.127222e-08        1.127222e-08        1.127222e-08             1
     409        1.411611e-05        4.595195e-09        4.595195e-09        4.595195e-09             1
     410        2.767389e-05        8.594470e-09        8.594470e-09        8.594470e-09             1
     411        7.858233e-05        2.333027e-08        2.333027e-08        2.333027e-08             1
     412        1.769745e-04        5.032231e-08        5.032231e-08        5.032231e-08             1
     413        2.309289e-04        6.299980e-08        6.299980e-08        6.299980e-08             1
     414        3.574428e-04        9.370416e-08        9.370416e-08        9.370416e-08             1
     415        4.075953e-04        1.028309e-07        1.028309e-07        1.028309e-07             1
     416        4.125094e-04        1.002929e-07        1.002929e-07        1.002929e-07             1
     417        3.731071e-04        8.753240e-08        8.753240e-08        8.753240e-08             1
     418        2.259170e-04        5.120468e-08        5.120468e-08        5.120468e-08             1
     419        3.472117e-05        7.611360e-09        7.611360e-09        7.611360e-09             1
     420        3.053084e-05        6.479513e-09        6.479513e-09        6.479513e-09             1
     421        2.039741e-04        4.194873e-08        4.194873e-08        4.194873e-08             1
     422        4.846849e-04        9.667790e-08        9.667790e-08        9.667790e-08             1
     423        4.566831e-04        8.843336e-08        8.843336e-08        8.843336e-08             1
     424        3.622944e-04        6.816417e-08        6.816417e-08        6.816417e-08             1
     425        3.222728e-04        5.895749e-08        5.895749e-08        5.895749e-08             1
     426        4.748425e-04        8.452442e-08        8.452442e-08        8.452442e-08             1
     427        7.610780e-04        1.319061e-07        1.319061e-07        1.319061e-07             1
     428        9.242604e-04        1.560742e-07        1.560742e-07        1.560742e-07             1
     429        6.298302e-04        1.037000e-07        1.037000e-07        1.037000e-07             1
     430        4.446800e-04        7.142754e-08        7.142754e-08        7.142754e-08             1
     431        4.667404e-04        7.317825e-08        7.317825e-08        7.317825e-08             1
     432        4.163665e-04        6.375459e-08        6.375459e-08        6.375459e-08             1
     433        2.848590e-04        4.262110e-08        4.262110e-08        4.262110e-08             1
     434        3.581983e-04        5.239314e-08        5.239314e-08        5.239314e-08             1
     435        6.289111e-04        8.996741e-08        8.996741e-08        8.996741e-08             1
     436        1.085365e-03        1.519136e-07        1.519136e-07        1.519136e-07             1
     437        1.016718e-03        1.393091e-07        1.393091e-07        1.393091e-07             1
     438        6.806795e-04        9.134425e-08        9.134425e-08        9.134425e-08             1
     439        5.421588e-04        7.128215e-08        7.128215e-08        7.128215e-08             1
     440        4.345445e-04        5.599739e-08        5.599739e-08        5.599739e-08             1
     441        2.876317e-04        3.723440e-08        3.723440e-08        3.723440e-08             1
     442        2.319074e-04        3.015796e-08        3.015796e-08        3.015796e-08             1
     443        2.803863e-04        3.662935e-08        3.662935e-08        3.662935e-08             1
     444        4.836525e-04        6.347350e-08        6.347350e-08        6.347350e-08             1
     445        7.465799e-04        9.843030e-08        9.843030e-08        9.843030e-08             1
     446        7.699439e-04        1.019849e-07        1.019849e-07        1.019849e-07             1
     447        6.969027e-04        9.274557e-08        9.274557e-08        9.274557e-08             1
     448        5.377418e-04        7.190496e-08        7.190496e-08        7.190496e-08             1
     449        3.879838e-04        5.212843e-08        5.212843e-08        5.212843e-08             1
     450        2.647287e-04        3.573956e-08        3.573956e-08        3.573956e-08             1
     451        1.799578e-04        2.441273e-08        2.441273e-08        2.441273e-08             1
     452        2.390839e-04        3.259096e-08        3.259096e-08        3.259096e-08             1
     453        3.269100e-04        4.478039e-08        4.478039e-08        4.478039e-08             1
     454        3.814878e-04        5.251327e-08        5.251327e-08        5.251327e-08             1
     455        3.858250e-04        5.337344e-08        5.337344e-08        5.337344e-08             1
     456        3.384405e-04        4.705239e-08        4.705239e-08        4.705239e-08             1
     457        3.027053e-04        4.229581e-08        4.229581e-08        4.229581e-08             1
     458        3.022009e-04        4.243877e-08        4.243877e-08        4.243877e-08             1
     459        5.749154e-04        8.114360e-08        8.114360e-08        8.114360e-08             1
     460        6.079256e-04        8.624166e-08        8.624166e-08        8.624166e-08             1
     461        3.286113e-04        4.686033e-08        4.686033e-08        4.686033e-08             1
     462        1.693923e-04        2.428162e-08        2.428162e-08        2.428162e-08             1
     463        1.526669e-04        2.199859e-08        2.199859e-08        2.199859e-08             1
     464        1.449203e-04        2.099231e-08        2.099231e-08        2.099231e-08             1
     465        1.409869e-04        2.053079e-08        2.053079e-08        2.053079e-08             1
     466        1.939934e-04        2.840025e-08        2.840025e-08        2.840025e-08             1
     467        3.732401e-04        5.493353e-08        5.493353e-08        5.493353e-08             1
     468        4.815521e-04        7.125704e-08        7.125704e-08        7.125704e-08             1
     469        6.520920e-04        9.701508e-08        9.701508e-08        9.701508e-08             1
     470        5.730022e-04        8.571772e-08        8.571772e-08        8.571772e-08             1
     471        3.214187e-04        4.835045e-08        4.835045e-08        4.835045e-08             1
     472        1.634692e-04        2.472799e-08        2.472799e-08        2.472799e-08             1
     473        1.448167e-04        2.202934e-08        2.202934e-08        2.202934e-08             1
     474        1.067330e-04        1.632790e-08        1.632790e-08        1.632790e-08             1
     475        9.657627e-05        1.485822e-08        1.485822e-08        1.485822e-08             1
     476        1.145312e-04        1.772150e-08        1.772150e-08        1.772150e-08             1
     477        1.868734e-04        2.908162e-08        2.908162e-08        2.908162e-08             1
     478        3.823134e-04        5.984018e-08        5.984018e-08        5.984018e-08             1
     479        6.125694e-04        9.643724e-08        9.643724e-08        9.643724e-08             1
     480        5.341208e-04        8.458469e-08        8.458469e-08        8.458469e-08             1
     481        4.303638e-04        6.856022e-08        6.856022e-08        6.856022e-08             1
     482        2.459530e-04        3.941839e-08        3.941839e-08        3.941839e-08             1
     483        1.620664e-04        2.613127e-08        2.613127e-08        2.613127e-08             1
     484        1.596462e-04        2.589765e-08        2.589765e-08        2.589765e-08             1
     485        1.118887e-04        1.826189e-08        1.826189e-08        1.826189e-08             1
     486        7.192675e-05        1.181211e-08        1.181211e-08        1.181211e-08             1
     487        8.640451e-05        1.427802e-08        1.427802e-08        1.427802e-08             1
     488        1.892383e-04        3.146650e-08        3.146650e-08        3.146650e-08             1
     489        3.679976e-04        6.157523e-08        6.157523e-08        6.157523e-08             1
     490        3.312735e-04        5.578407e-08        5.578407e-08        5.578407e-08             1
     491        3.371479e-04        5.104178e-08        5.104178e-08        5.104178e-08             1
     492        5.155905e-04        7.088812e-08        7.088812e-08        7.088812e-08             1
     493        4.888199e-04        6.154934e-08        6.154934e-08        6.154934e-08             1
     494        5.758592e-04        6.687019e-08        6.687019e-08        6.687019e-08             1
     495        3.769841e-04        4.061526e-08        4.061526e-08        4.061526e-08             1
     496        1.371732e-04        1.378216e-08        1.378216e-08        1.378216e-08             1
     497        9.232764e-05        8.689476e-09        8.689476e-09        8.689476e-09             1
     498        1.123448e-04        9.943357e-09        9.943357e-09        9.943357e-09             1
     499        2.813914e-04        2.350256e-08        2.350256e-08        2.350256e-08             1
     500        5.571685e-04        4.405130e-08        4.405130e-08        4.405130e-08             1
     501        1.171602e-03        8.792558e-08        8.792558e-08        8.792558e-08             1
     502        2.093433e-03        1.494981e-07        1.494981e-07        1.494981e-07             1
     503        2.193931e-03        1.494402e-07        1.494402e-07        1.494402e-07             1
     504        1.729032e-03        1.125743e-07        1.125743e-07        1.125743e-07             1
     505        6.628452e-04        4.133157e-08        4.133157e-08        4.133157e-08             1
     506        3.456276e-04        2.067469e-08        2.067469e-08        2.067469e-08             1
     507        1.983510e-04        1.140033e-08        1.140033e-08        1.140033e-08             1
     508        2.473568e-04        1.368039e-08        1.368039e-08        1.368039e-08             1
     509        6.132551e-04        3.268112e-08        3.268112e-08        3.268112e-08             1
     510        8.329747e-04        4.282809e-08        4.282809e-08        4.282809e-08             1
     511        1.165068e-03        5.786347e-08        5.786347e-08        5.786347e-08             1
     512        1.881450e-03        9.035998e-08        9.035998e-08        9.035998e-08             1
     513        2.076945e-03        9.656211e-08        9.656211e-08        9.656211e-08             1
     514        1.760848e-03        7.933064e-08        7.933064e-08        7.933064e-08             1
     515        1.659091e-03        7.249712e-08        7.249712e-08        7.249712e-08             1
     516        1.661520e-03        7.047926e-08        7.047926e-08        7.047926e-08             1
     517        1.224845e-03        5.047863e-08        5.047863e-08        5.047863e-08             1
     518        1.508452e-03        6.044333e-08        6.044333e-08        6.044333e-08             1
     519        1.653832e-03        6.447926e-08        6.447926e-08        6.447926e-08             1
     520        1.349243e-03        5.122023e-08        5.122023e-08        5.122023e-08             1
     521        7.320499e-04        2.707737e-08        2.707737e-08        2.707737e-08             1
     522        1.059545e-03        3.820791e-08        3.820791e-08        3.820791e-08             1
     523        1.946188e-03        6.845980e-08        6.845980e-08        6.845980e-08             1
     524        2.325936e-03        7.985866e-08        7.985866e-08        7.985866e-08             1
     525        2.486171e-03        8.336213e-08        8.336213e-08        8.336213e-08             1
     526        3.782443e-03        1.239157e-07        1.239157e-07        1.239157e-07             1
     527        3.327498e-03        1.065707e-07        1.065707e-07        1.065707e-07             1
     528        3.336283e-03        1.045070e-07        1.045070e-07        1.045070e-07             1
     529        4.796282e-03        1.470008e-07        1.470008e-07        1.470008e-07             1
     530        5.525475e-03        1.657754e-07        1.657754e-07        1.657754e-07             1
     531        3.268973e-03        9.605790e-08        9.605790e-08        9.605790e-08             1
     532        2.017902e-03        5.809600e-08        5.809600e-08        5.809600e-08             1
     533        2.512539e-03        7.089607e-08        7.089607e-08        7.089607e-08             1
     534        2.413155e-03        6.676182e-08        6.676182e-08        6.676182e-08             1
     535        2.112684e-03        5.732833e-08        5.732833e-08        5.732833e-08             1
     536        2.342376e-03        6.236259e-08        6.236259e-08        6.236259e-08             1
     537        4.201166e-03        1.097716e-07        1.097716e-07        1.097716e-07             1
     538        8.827142e-03        2.264043e-07        2.264043e-07        2.264043e-07             1
     539        1.227562e-02        3.091745e-07        3.091745e-07        3.091745e-07             1
     540        2.141909e-02        5.297614e-07        5.297614e-07        5.297614e-07             1
     541        3.745609e-02        4.471244e-07        4.471244e-07        4.471244e-07             1
     542        2.522648e-02        1.984419e-07        1.984419e-07        1.984419e-07             1
     543        1.611732e-02        9.450724e-08        9.450724e-08        9.450724e-08             1
     544        1.201407e-02        5.613412e-08        5.613412e-08        5.613412e-08             1
     545        1.658033e-02        6.437037e-08        6.437037e-08        6.437037e-08             1
     546        3.172139e-02        1.053162e-07        1.053162e-07        1.053162e-07             1
     547        5.487461e-02        1.591049e-07        1.591049e-07        1.591049e-07             1
     548        8.162227e-02        2.100125e-07        2.100125e-07        2.100125e-07             1
     549        1.595388e-01        3.688295e-07        3.688295e-07        3.688295e-07             1
     550        2.788963e-01        5.851873e-07        5.851873e-07        5.851873e-07             1
     551        2.545395e-01        4.890878e-07        4.890878e-07        4.890878e-07             1
     552        3.163852e-01        5.604774e-07        5.604774e-07        5.604774e-07             1
     553        3.399705e-01        5.586685e-07        5.586685e-07        5.586685e-07             1
     554        1.571125e-01        2.408623e-07        2.408623e-07        2.408623e-07             1
     555        1.253256e-01        1.799709e-07        1.799709e-07        1.799709e-07             1
     556        1.199458e-01        1.619711e-07        1.619711e-07        1.619711e-07             1
     557        1.434963e-01        1.828419e-07        1.828419e-07        1.828419e-07             1
     558        2.012368e-01        2.426896e-07        2.426896e-07        2.426896e-07             1
     559        1.754646e-01        2.008736e-07        2.008736e-07        2.008736e-07             1
     560        3.651520e-01        6.840852e-04        3.422414e-04        3.422414e-04             2
     561        9.338995e-01        5.880727e-04        2.945208e-04        2.945208e-04             2
     562        9.634974e-01        5.895812e-04        2.952684e-04        2.952684e-04             2
     563        7.738458e-01        6.180642e-04        3.093997e-04        3.093997e-04             2
     564        8.484410e-01        6.125819e-04        3.066775e-04        3.066775e-04             2
     565        6.706040e-01        6.422420e-04        3.214147e-04        3.214147e-04             2
     566        6.978952e-01        6.420678e-04        3.213280e-04        3.213280e-04             2
     567        7.864716e-01        6.331833e-04        3.169110e-04        3.169110e-04             2
     568        6.153502e-01        6.633241e-04        3.319032e-04        3.319032e-04             2
     569        5.520622e-01        6.785728e-04        3.394954e-04        3.394954e-04             2
     570        6.280259e-01        6.683774e-04        3.344186e-04        3.344186e-04             2
     571        7.386487e-01        6.544785e-04        3.275010e-04        3.275010e-04             2
     572        8.746293e-01        6.397018e-04        3.201512e-04        3.201512e-04             2
     573        1.348136e+00        5.961898e-04        2.985435e-04        2.985435e-04             2
     574        2.083648e+00        5.517027e-04        2.765238e-04        2.765238e-04             2
     575        2.516386e+00        5.339780e-04        2.677775e-04        2.677775e-04             2
     576        2.416471e+00        5.415657e-04        2.715193e-04        2.715193e-04             2
     577        3.342120e+00        5.084331e-04        2.552063e-04        2.552063e-04             2
     578        2.935613e+00        5.258982e-04        2.637962e-04        2.637962e-04             2
     579        2.045444e+00        5.687029e-04        2.849273e-04        2.849273e-04             2
     580        1.984614e+00        5.747717e-04        2.879306e-04        2.879306e-04             2
     581        1.642132e+00        5.981316e-04        2.995057e-04        2.995057e-04             2
     582        1.350027e+00        6.219619e-04        3.113341e-04        3.113341e-04             2
     583        1.853148e+00        5.901326e-04        2.955394e-04        2.955394e-04             2
     584        3.162995e+00        5.338271e-04        2.677015e-04        2.677015e-04             2
     585        4.388569e+00        4.997046e-04        2.509195e-04        2.509195e-04             2
     586        3.513472e+00        5.270789e-04        2.643762e-04        2.643762e-04             2
     587        3.095417e+00        5.435344e-04        2.724889e-04        2.724889e-04             2
     588        5.283006e+00        4.860308e-04        2.442182e-04        2.442182e-04             2
     589        8.241501e+00        4.374298e-04        2.205452e-04        2.205452e-04             2
     590        7.530643e+00        4.502048e-04        2.267430e-04        2.267430e-04             2
     591        1.299091e+01        4.479671e-04        2.256557e-04        2.256557e-04             2
     592        2.079708e+01        4.332132e-04        2.185029e-04        2.185029e-04             2
     593        1.668165e+01        4.877854e-04        2.450762e-04        2.450762e-04             2
     594        1.201877e+01        5.471986e-04        2.742968e-04        2.742968e-04             2
     595        1.675263e+01        5.291115e-04        2.653761e-04        2.653761e-04             2
     596        3.151581e+01        4.742609e-04        2.384619e-04        2.384619e-04             2
     597        4.387440e+01        4.508546e-04        2.270574e-04        2.270574e-04             2
     598        3.719348e+01        4.825961e-04        2.425359e-04        2.425359e-04             2
     599        4.208659e+01        4.800430e-04        2.412871e-04        2.412871e-04             2
     600        7.162297e+01        4.294529e-04        2.166821e-04        2.166821e-04             2
     601        9.061381e+01        4.117780e-04        2.081577e-04        2.081577e-04             2
     602        1.110846e+02        3.968904e-04        2.010119e-04        2.010119e-04             2
     603        1.272128e+02        3.893505e-04        1.974057e-04        1.974057e-04             2
     604        1.382992e+02        3.874268e-04        1.964869e-04        1.964869e-04             2
     605        1.424260e+02        3.914613e-04        1.984136e-04        1.984136e-04             2
     606        1.505160e+02        3.919812e-04        1.986619e-04        1.986619e-04             2
     607        1.713065e+02        3.832359e-04        1.944868e-04        1.944868e-04             2
     608        1.531464e+02        4.029284e-04        2.039041e-04        2.039041e-04             2
     609        2.017906e+02        8.158722e-04        3.993369e-04        3.760580e-04             3
     610        1.477552e+02        4.187921e-04        2.115329e-04        2.115329e-04             2
     611        1.043504e+02        4.644216e-04        2.336585e-04        2.336585e-04             2
     612        1.615982e+02        4.188736e-04        2.115717e-04        2.115717e-04             2
     613        1.837118e+02        4.087656e-04        2.067058e-04        2.067058e-04             2
     614        3.593795e+02        7.197413e-04        3.536356e-04        3.326026e-04             3
     615        4.540668e+02        6.662047e-04        3.282350e-04        3.082106e-04             3
     616        3.973831e+02        7.144235e-04        3.509317e-04        3.296138e-04             3
     617        4.663068e+02        6.788794e-04        3.343035e-04        3.141903e-04             3
     618        5.327829e+02        6.524546e-04        3.216620e-04        3.017458e-04             3
     619        5.172618e+02        6.704883e-04        3.301422e-04        3.097728e-04             3
     620        5.119935e+02        6.824398e-04        3.358000e-04        3.151981e-04             3
     621        4.320090e+02        7.382658e-04        3.622104e-04        3.403048e-04             3
     622        5.103930e+02        7.005081e-04        3.443761e-04        3.234479e-04             3
     623        6.121767e+02        6.580648e-04        3.243287e-04        3.043455e-04             3
     624        3.897489e+02        7.913445e-04        3.873104e-04        3.638951e-04             3
     625        3.993132e+02        7.921516e-04        3.877367e-04        3.643943e-04             3
     626        5.162356e+02        7.297028e-04        3.581079e-04        3.363124e-04             3
     627        6.530645e+02        6.713106e-04        3.305803e-04        3.103151e-04             3
     628        8.018311e+02        6.208412e-04        3.067675e-04        2.875271e-04             3
     629        8.491170e+02        6.118837e-04        3.025341e-04        2.834361e-04             3
     630        9.827976e+02        5.767117e-04        2.860418e-04        2.677256e-04             3
     631        1.306070e+03        4.983032e-04        2.496254e-04        2.335221e-04             3
     632        1.288460e+03        5.101210e-04        2.550342e-04        2.384378e-04             3
     633        1.528713e+03        4.644054e-04        2.339108e-04        2.187497e-04             3
     634        1.465651e+03        4.849783e-04        2.433405e-04        2.273668e-04             3
     635        1.156691e+03        5.635050e-04        2.797905e-04        2.616154e-04             3
     636        8.205351e+02        6.696542e-04        3.294799e-04        3.085511e-04             3
     637        7.979412e+02        6.827780e-04        3.357783e-04        3.147862e-04             3
     638        1.055506e+03        6.083480e-04        3.008738e-04        2.818683e-04             3
     639        1.400788e+03        5.316924e-04        2.649510e-04        2.475500e-04             3
     640        1.326414e+03        5.543042e-04        2.754396e-04        2.573673e-04             3
     641        1.726309e+03        5.679518e-04        2.819859e-04        2.639859e-04             3
     642        2.714241e+03        5.032102e-04        2.519475e-04        2.358385e-04             3
     643        4.075551e+03        7.332563e-04        3.493581e-04        3.222069e-04             4
     644        5.007496e+03        7.117826e-04        3.392438e-04        3.124053e-04             4
     645        4.699555e+03        4.879393e-04        2.445682e-04        2.282013e-04             3
     646        5.762568e+03        7.743963e-04        3.679843e-04        3.394266e-04             4
     647        8.458376e+03        6.255545e-04        3.005479e-04        2.771249e-04             4
     648        9.612937e+03        6.115431e-04        2.937927e-04        2.704378e-04             4
     649        9.269762e+03        6.824907e-04        3.256803e-04        2.995371e-04             4
     650        7.694663e+03        8.270471e-04        3.911478e-04        3.600544e-04             4
     651        8.426428e+03        8.186497e-04        3.874364e-04        3.567305e-04             4
     652        9.009845e+03        8.201205e-04        3.881917e-04        3.575341e-04             4
     653        1.041710e+04        7.788648e-04        3.693923e-04        3.400144e-04             4
     654        1.102472e+04        7.822049e-04        3.708438e-04        3.412861e-04             4
     655        1.268544e+04        7.365576e-04        3.504373e-04        3.227293e-04             4
     656        1.532022e+04        6.651861e-04        3.179256e-04        2.924844e-04             4
     657        1.818491e+04        5.971606e-04        2.875007e-04        2.649210e-04             4
     658        2.059070e+04        5.572629e-04        2.690848e-04        2.476439e-04             4
     659        2.181394e+04        5.501324e-04        2.661225e-04        2.452416e-04             4
     660        2.361555e+04        5.331324e-04        2.579704e-04        2.372840e-04             4
     661        2.212592e+04        5.953110e-04        2.860434e-04        2.628732e-04             4
     662        2.195239e+04        6.210593e-04        2.980532e-04        2.743132e-04             4
     663        2.862581e+04        4.925091e-04        2.399513e-04        2.213309e-04             4
     664        3.051535e+04        4.789050e-04        2.335146e-04        2.151935e-04             4
     665        2.704027e+04        5.720128e-04        2.753390e-04        2.528871e-04             4
     666        2.656808e+04        6.005849e-04        2.885690e-04        2.653549e-04             4
     667        3.179762e+04        5.159694e-04        2.506923e-04        2.312234e-04             4
     668        3.378459e+04        5.024539e-04        2.441252e-04        2.247507e-04             4
     669        2.932017e+04        6.042249e-04        2.897973e-04        2.660018e-04             4
     670        3.004377e+04        6.059602e-04        2.909848e-04        2.675566e-04             4
     671        3.538679e+04        5.281204e-04        2.562081e-04        2.362659e-04             4
     672        4.175168e+04        6.549017e-04        3.069778e-04        2.708319e-04             5
     673        4.362810e+04        6.456942e-04        3.021108e-04        2.656897e-04             5
     674        4.653174e+04        6.118915e-04        2.872030e-04        2.529693e-04             5
     675        4.809096e+04        6.075072e-04        2.851016e-04        2.509809e-04             5
     676        5.049416e+04        5.856529e-04        2.756138e-04        2.431092e-04             5
     677        5.371772e+04        5.531904e-04        2.607881e-04        2.299781e-04             5
     678        5.163725e+04        6.162830e-04        2.885370e-04        2.533843e-04             5
     679        5.320224e+04        6.069791e-04        2.852580e-04        2.515878e-04             5
     680        5.754881e+04        5.587205e-04        2.631767e-04        2.319343e-04             5
     681        6.019659e+04        5.381944e-04        2.539352e-04        2.239361e-04             5
     682        5.988617e+04        5.667925e-04        2.664822e-04        2.344208e-04             5
     683        5.605839e+04        6.497265e-04        3.033243e-04        2.660595e-04             5
     684        6.023709e+04        6.010448e-04        2.822248e-04        2.485158e-04             5
     685        6.605085e+04        5.355989e-04        2.526039e-04        2.226021e-04             5
     686        6.315021e+04        6.010714e-04        2.814499e-04        2.469152e-04             5
     687        6.924067e+04        5.276651e-04        2.496531e-04        2.207802e-04             5
     688        7.186579e+04        5.130505e-04        2.425778e-04        2.141148e-04             5
     689        7.650686e+04        4.663620e-04        2.218907e-04        1.967948e-04             5
     690        8.191516e+04        5.842687e-04        2.596738e-04        2.263070e-04             6
     691        9.004266e+04        4.097342e-04        1.958069e-04        1.740341e-04             5
     692        9.536603e+04        4.473724e-04        2.131495e-04        1.891452e-04             5
     693        1.089574e+05        5.373405e-04        2.397667e-04        2.095514e-04             6
     694        1.185712e+05        5.126236e-04        2.286191e-04        1.996185e-04             6
     695        1.260177e+05        5.374088e-04        2.389714e-04        2.081530e-04             6
     696        1.292910e+05        4.309413e-04        2.054715e-04        1.823246e-04             5
     697        1.387215e+05        6.018766e-04        2.669330e-04        2.322493e-04             6
     698        1.464758e+05        4.235936e-04        2.021166e-04        1.794372e-04             5
     699        1.538842e+05        4.302764e-04        2.051997e-04        1.821268e-04             5
     700        1.633663e+05        6.018341e-04        2.672672e-04        2.328478e-04             6
     701        1.748682e+05        5.661023e-04        2.514780e-04        2.189627e-04             6
     702        1.834324e+05        5.629750e-04        2.505393e-04        2.185182e-04             6
     703        1.958738e+05        5.122808e-04        2.285362e-04        1.996044e-04             6
     704        2.061673e+05        4.844681e-04        2.171336e-04        1.904158e-04             6
     705        2.170097e+05        4.285389e-04        1.932555e-04        1.703766e-04             6
     706        2.257529e+05        3.947061e-04        1.785864e-04        1.579084e-04             6
     707        2.316805e+05        4.815564e-04        2.033451e-04        1.694291e-04             7
     708        2.432324e+05        4.230966e-04        1.898638e-04        1.666231e-04             6
     709        2.520395e+05        4.382369e-04        1.971365e-04        1.734055e-04             6
     710        2.602429e+05        3.770908e-04        1.706681e-04        1.509535e-04             6
     711        2.692761e+05        3.888311e-04        1.752607e-04        1.544376e-04             6
     712        2.777967e+05        3.725068e-04        1.688674e-04        1.495799e-04             6
     713        2.855182e+05        3.639365e-04        1.646134e-04        1.455277e-04             6
     714        2.965497e+05        4.221810e-04        1.898656e-04        1.669603e-04             6
     715        3.052534e+05        4.343053e-04        1.950696e-04        1.713405e-04             6
     716        3.141648e+05        4.088814e-04        1.838327e-04        1.616116e-04             6
     717        3.223937e+05        4.521200e-04        2.025430e-04        1.774883e-04             6
     718        3.295013e+05        4.889809e-04        2.070899e-04        1.730497e-04             7
     719        3.246179e+05        3.998769e-04        1.699620e-04        1.428569e-04             7
     720        3.359012e+05        4.141186e-04        1.756989e-04        1.473485e-04             7
     721        3.394544e+05        3.914076e-04        1.663862e-04        1.399099e-04             7
     722        3.541592e+05        4.242965e-04        1.793483e-04        1.498010e-04             7
     723        3.529283e+05        3.760382e-04        1.603406e-04        1.352985e-04             7
     724        3.387741e+05        3.157389e-04        1.352409e-04        1.148480e-04             7
     725        3.519141e+05        3.316908e-04        1.413608e-04        1.194130e-04             7
     726        3.864686e+05        4.172668e-04        1.761262e-04        1.469307e-04             7
     727        4.024414e+05        4.483024e-04        1.893170e-04        1.578666e-04             7
     728        3.786897e+05        3.320359e-04        1.422044e-04        1.206836e-04             7
     729        3.750024e+05        3.116398e-04        1.332355e-04        1.129617e-04             7
     730        3.933986e+05        3.358995e-04        1.429294e-04        1.205383e-04             7
     731        4.300788e+05        4.191516e-04        1.768643e-04        1.474879e-04             7
     732        4.385620e+05        4.117881e-04        1.745580e-04        1.462726e-04             7
     733        4.286285e+05        3.568982e-04        1.520004e-04        1.281996e-04             7
     734        4.028178e+05        3.723721e-04        1.556771e-04        1.275836e-04             8
     735        3.950778e+05        3.410609e-04        1.427762e-04        1.172626e-04             8
     736        4.332361e+05        3.177697e-04        1.356541e-04        1.148283e-04             7
     737        4.220928e+05        3.674720e-04        1.534244e-04        1.256036e-04             8
     738        4.163194e+05        3.113902e-04        1.306515e-04        1.078431e-04             8
     739        4.197092e+05        2.868273e-04        1.205024e-04        9.970411e-05             8
     740        4.239814e+05        2.764149e-04        1.160821e-04        9.602805e-05             8
     741        4.444641e+05        2.799205e-04        1.173723e-04        9.696510e-05             8
     742        4.705154e+05        3.092810e-04        1.295010e-04        1.066488e-04             8
     743        4.875684e+05        2.920381e-04        1.224677e-04        1.010793e-04             8
     744        5.082817e+05        3.010531e-04        1.256829e-04        1.032223e-04             8
     745        5.597111e+05        3.026007e-04        1.290077e-04        1.091215e-04             7
     746        5.503064e+05        2.987278e-04        1.254356e-04        1.037116e-04             8
     747        5.620442e+05        2.763776e-04        1.157429e-04        9.551897e-05             8
     748        5.888740e+05        2.987484e-04        1.248800e-04        1.027438e-04             8
     749        6.104014e+05        3.005694e-04        1.258895e-04        1.037857e-04             8
     750        6.061985e+05        2.439269e-04        1.027397e-04        8.542068e-05             8
     751        6.248279e+05        2.436831e-04        1.026013e-04        8.521906e-05             8
     752        6.124941e+05        2.653261e-04        1.074196e-04        8.579659e-05             9
     753        5.885439e+05        2.259259e-04        9.206720e-05        7.395890e-05             9
     754        6.227652e+05        2.407891e-04        9.797769e-05        7.842509e-05             9
     755        6.824875e+05        2.250845e-04        9.444442e-05        7.829347e-05             8
     756        7.369471e+05        2.632693e-04        1.106534e-04        9.172063e-05             8
     757        6.203030e+05        1.990533e-04        8.152861e-05        6.597205e-05             9
     758        5.789595e+05        1.724301e-04        7.070660e-05        5.707553e-05             9
     759        6.832002e+05        2.221859e-04        9.090970e-05        7.278058e-05             9
     760        8.031226e+05        2.509299e-04        1.049740e-04        8.664475e-05             8
     761        7.539222e+05        2.456398e-04        9.964219e-05        7.964800e-05             9
     762        7.366953e+05        2.209384e-04        9.014759e-05        7.242870e-05             9
     763        7.523211e+05        2.205856e-04        9.031297e-05        7.248505e-05             9
     764        8.018243e+05        2.417649e-04        9.857871e-05        7.875929e-05             9
     765        7.961674e+05        2.262770e-04        9.252997e-05        7.416338e-05             9
     766        7.891216e+05        2.122594e-04        8.643426e-05        6.949803e-05             9
     767        6.936002e+05        1.774113e-04        7.542407e-05        6.210353e-05            10
     768        7.040486e+05        1.732969e-04        7.443959e-05        6.158182e-05            10
     769        7.263215e+05        1.612040e-04        6.578033e-05        5.304677e-05             9
     770        7.104321e+05        1.598073e-04        6.867746e-05        5.687408e-05            10
     771        7.343368e+05        1.694246e-04        7.154532e-05        5.859168e-05            10
     772        7.232745e+05        1.542172e-04        6.556575e-05        5.400021e-05            10
     773        7.001716e+05        1.378413e-04        5.889290e-05        4.868823e-05            10
     774        8.760069e+05        1.958445e-04        8.021770e-05        6.420113e-05             9
     775        8.931219e+05        1.962498e-04        7.944748e-05        6.361259e-05             9
     776        7.347545e+05        1.382938e-04        5.826999e-05        4.780521e-05            10
     777        6.954614e+05        1.183061e-04        5.081893e-05        4.219983e-05            10
     778        7.620841e+05        1.391278e-04        5.894496e-05        4.838315e-05            10
     779        8.204974e+05        1.547217e-04        6.580826e-05        5.412288e-05            10
     780        7.976134e+05        1.434950e-04        6.024621e-05        4.921139e-05            10
     781        8.603558e+05        1.626756e-04        6.868747e-05        5.610926e-05            10
     782        8.364193e+05        1.478600e-04        6.214322e-05        5.073826e-05            10
     783        8.368817e+05        1.447060e-04        6.053418e-05        4.926565e-05            10
     784        6.757424e+05        9.880903e-05        4.133364e-05        3.374010e-05            10
     785        6.151053e+05        9.766943e-05        4.050481e-05        3.378418e-05            11
     786        5.485836e+05        8.106809e-05        3.278512e-05        2.684095e-05            11
     787        6.000257e+05        9.672585e-05        3.823770e-05        3.059150e-05            11
     788        6.357276e+05        9.602316e-05        3.995877e-05        3.333005e-05            11
     789        8.324639e+05        1.227730e-04        5.155151e-05        4.194430e-05            10
     790        8.914592e+05        1.282893e-04        5.497195e-05        4.544150e-05            10
     791        7.902994e+05        1.081130e-04        4.477056e-05        3.620828e-05            10
     792        6.253088e+05        8.944261e-05        3.513421e-05        2.797421e-05            11
     793        5.452398e+05        6.604524e-05        2.697205e-05        2.223730e-05            11
     794        6.358875e+05        8.000096e-05        3.292019e-05        2.723455e-05            11
     795        6.703777e+05        8.794504e-05        3.531661e-05        2.860645e-05            11
     796        7.016643e+05        9.199295e-05        3.694638e-05        2.990809e-05            11
     797        5.392063e+05        6.180012e-05        2.453911e-05        1.971694e-05            11
     798        5.406839e+05        6.244333e-05        2.451821e-05        1.946443e-05            11
     799        6.472858e+05        7.167665e-05        2.935653e-05        2.417891e-05            11
     800        7.602981e+05        9.390309e-05        3.765093e-05        3.036610e-05            11
     801        7.093747e+05        7.740260e-05        3.180117e-05        2.623629e-05            11
     802        6.886468e+05        9.933821e-05        3.445693e-05        2.911376e-05            12
     803        5.360362e+05        6.258584e-05        2.295737e-05        1.704957e-05            11
     804        5.011026e+05        7.467234e-05        2.337606e-05        1.814433e-05            12
     805        5.332411e+05        8.657138e-05        2.616729e-05        1.944400e-05            12
     806        4.052650e+05        6.371322e-05        1.812640e-05        1.270826e-05            12
     807        5.655754e+05        7.974394e-05        2.572993e-05        2.054079e-05            12
     808        5.357358e+05        8.599575e-05        2.516240e-05        1.802336e-05            12
     809        4.547456e+05        6.861041e-05        1.972012e-05        1.396793e-05            12
     810        5.107838e+05        7.050626e-05        2.136360e-05        1.607293e-05            12
     811        5.867232e+05        8.430886e-05        2.579562e-05        1.946337e-05            12
     812        4.448691e+05        6.115812e-05        1.763929e-05        1.261897e-05            12
     813        2.760455e+05        4.261770e-05        1.106643e-05        6.755919e-06            12
     814        2.741785e+05        4.404090e-05        1.118035e-05        6.529399e-06            12
     815        2.348302e+05        5.147592e-05        1.261040e-05        6.586215e-06            13
     816        1.619759e+05        4.674021e-05        1.074962e-05        4.115187e-06            13
     817        2.564774e+05        4.416244e-05        1.069166e-05        5.499881e-06            12
     818        2.345998e+05        4.701630e-05        1.075050e-05        4.692656e-06            12
     819        2.061219e+05        4.704087e-05        1.034095e-05        3.773367e-06            12
     820        3.394651e+05        6.483737e-05        1.552251e-05        8.149985e-06            12
     821        6.771694e+05        8.006240e-05        2.525324e-05        1.974737e-05            12
     822        5.528768e+05        7.724457e-05        2.113522e-05        1.399037e-05            12
     823        1.870641e+05        4.808551e-05        1.071439e-05        3.188877e-06            13
     824        2.694628e+05        3.639463e-05        7.420505e-06        2.490202e-06            12
     825        3.623098e+05        3.223731e-05        8.435735e-06        3.397212e-06            11
     826        4.718446e+05        3.183782e-05        8.698447e-06        4.438381e-06            11
     827        4.416241e+05        6.171421e-05        1.237504e-05        4.129997e-06            12
     828        5.386979e+05        5.212595e-05        1.063990e-05        5.016862e-06            12
     829        3.675130e+05        6.035994e-05        1.214304e-05        3.228339e-06            12
     830        3.927827e+05        6.503918e-05        1.300099e-05        3.446951e-06            12
     831        3.726671e+05        6.346623e-05        1.275667e-05        3.193502e-06            12
     832        6.438098e+05        4.917304e-05        1.010813e-05        5.535630e-06            12
     833        7.450601e+05        4.123835e-05        8.809427e-06        5.722233e-06            12
     834        7.674838e+05        3.880019e-05        8.436549e-06        5.866121e-06            12
     835        7.843140e+05        3.916453e-05        8.514798e-06        5.928828e-06            12
     836        6.005745e+05        4.452895e-05        9.207688e-06        5.078484e-06            12
     837        6.135498e+05        4.600508e-05        9.495639e-06        5.118573e-06            12
     838        4.594885e+05        4.712394e-05        9.570566e-06        3.688314e-06            12
     839        6.185148e+05        4.088456e-05        8.504559e-06        5.056137e-06            12
     840        6.618313e+05        4.376977e-05        9.112082e-06        5.316716e-06            12
     841        6.214343e+05        4.619472e-05        9.526283e-06        4.987737e-06            12
     842        9.771956e+05        3.970396e-05        8.915018e-06        6.931628e-06            12
     843        8.116470e+05        3.988121e-05        8.572418e-06        5.681914e-06            12
     844        1.049665e+06        3.023429e-05        7.454487e-06        5.882781e-06            12
     845        1.382955e+06        3.069674e-05        9.142097e-06        7.849358e-06            13
     846        1.870961e+06        1.800544e-05        9.753470e-06        9.259979e-06            13
     847        1.832131e+06        1.631501e-05        9.533831e-06        9.151984e-06            13
     848        1.666935e+06        2.083342e-05        9.248571e-06        8.987827e-06            13
     849        1.649390e+06        2.067828e-05        9.164808e-06        8.904383e-06            13
     850        1.814331e+06        1.693589e-05        9.459273e-06        9.050801e-06            13
     851        1.697052e+06        1.896827e-05        9.194112e-06        9.173601e-06            13
     852        1.736818e+06        1.789759e-05        9.236290e-06        8.788871e-06            13
     853        1.644515e+06        1.660461e-05        8.872217e-06        8.540194e-06            13
     854        1.391566e+06        1.961409e-05        8.194208e-06        7.795342e-06            13
     855        1.237026e+06        1.947933e-05        7.643317e-06        7.324446e-06            13
     856        1.442659e+06        1.583063e-05        8.139226e-06        7.926207e-06            13
     857        1.391232e+06        1.703802e-05        8.020269e-06        8.119460e-06            13
     858        1.336580e+06        1.791602e-05        7.861139e-06        7.590283e-06            13
     859        1.527778e+06        1.802197e-05        8.489102e-06        8.595851e-06            13
     860        1.600773e+06        1.616071e-05        8.600301e-06        8.302956e-06            13
     861        1.796980e+06        1.456613e-05        8.832342e-06        9.342659e-06            13
     862        2.044817e+06        1.630308e-05        9.750448e-06        1.153185e-05            13
     863        2.225133e+06        1.743263e-05        1.025791e-05        1.134312e-05            14
     864        2.110955e+06        1.664017e-05        9.767662e-06        1.083344e-05            14
     865        1.976851e+06        1.584397e-05        9.366245e-06        1.042590e-05            14
     866        2.309821e+06        1.830668e-05        1.157550e-05        1.211325e-05            14
     867        2.552870e+06        2.054524e-05        1.413483e-05        1.585948e-05            15
     868        2.357539e+06        1.961101e-05        1.336097e-05        1.316904e-05            15
     869        2.340565e+06        1.924515e-05        1.289436e-05        1.306682e-05            15
     870        2.392209e+06        1.944791e-05        1.304387e-05        1.321149e-05            15
     871        2.273644e+06        1.876125e-05        1.243191e-05        1.279621e-05            15
     872        2.256259e+06        1.873529e-05        1.246732e-05        1.271622e-05            15
     873        2.172547e+06        1.778253e-05        1.135190e-05        1.243885e-05            15
     874        1.886522e+06        1.561638e-05        9.675202e-06        1.017580e-05            14
     875        1.872678e+06        1.537035e-05        9.367710e-06        1.014084e-05            14
     876        1.822747e+06        1.488946e-05        9.051675e-06        9.952284e-06            14
     877        1.846073e+06        1.511592e-05        9.209415e-06        1.001057e-05            14
     878        1.901131e+06        1.560566e-05        9.708691e-06        1.017689e-05            14
     879        2.110730e+06        1.699245e-05        1.093936e-05        1.155221e-05            14
     880        2.452570e+06        1.945815e-05        1.302252e-05        1.319348e-05            15
     881        2.549622e+06        2.056439e-05        1.447252e-05        1.626433e-05            15
     882        2.801387e+06        2.520127e-05        1.674284e-05        1.959852e-05            16
     883        2.882834e+06        2.820827e-05        1.764989e-05        2.064366e-05            16
     884        3.010149e+06        3.308878e-05        1.952703e-05        2.244020e-05            17
     885        3.032217e+06        3.360296e-05        1.974427e-05        2.295490e-05            17
     886        2.867682e+06        2.796724e-05        1.787580e-05        2.162095e-05            16
     887        3.040517e+06        3.260825e-05        1.969628e-05        2.322312e-05            17
     888        3.086394e+06        3.459422e-05        2.049492e-05        2.401526e-05            17
     889        3.037800e+06        3.358754e-05        2.046292e-05        2.395873e-05            17
     890        3.070822e+06        3.402726e-05        2.058219e-05        2.405819e-05            17
     891        2.947334e+06        2.981378e-05        1.890148e-05        2.269983e-05            16
     892        3.101857e+06        3.231470e-05        2.026010e-05        2.382781e-05            17
     893        3.156870e+06        3.175474e-05        2.000871e-05        2.371182e-05            17
     894        2.921422e+06        2.317472e-05        1.700126e-05        2.092023e-05            16
     895        3.043254e+06        2.305164e-05        1.682982e-05        2.014049e-05            16
     896        3.197373e+06        2.587420e-05        1.753638e-05        2.119356e-05            16
     897        3.167475e+06        2.298557e-05        1.667284e-05        1.987087e-05            16
     898        3.411440e+06        2.582676e-05        1.721871e-05        2.017753e-05            16
     899        3.723607e+06        3.308522e-05        2.002091e-05        2.315794e-05            17
     900        2.867090e+06        2.273932e-05        1.618586e-05        1.992021e-05            15
     901        3.026827e+06        2.416541e-05        1.711944e-05        2.041603e-05            16
     902        3.216362e+06        2.693414e-05        1.817071e-05        2.184802e-05            16
     903        3.537507e+06        3.184833e-05        2.003031e-05        2.308341e-05            16
     904        3.714030e+06        3.359508e-05        2.062912e-05        2.348226e-05            16
     905        3.862677e+06        3.521067e-05        2.183213e-05        2.467046e-05            17
     906        3.978983e+06        3.620191e-05        2.215074e-05        2.486873e-05            17
     907        4.042918e+06        3.628395e-05        2.218806e-05        2.489454e-05            17
     908        4.106166e+06        3.634910e-05        2.221594e-05        2.491709e-05            17
     909        4.098598e+06        3.526012e-05        2.187916e-05        2.472078e-05            17
     910        4.183980e+06        3.569052e-05        2.202190e-05        2.481260e-05            17
     911        4.323323e+06        3.695054e-05        2.242358e-05        2.506201e-05            17
     912        4.344246e+06        3.634179e-05        2.223804e-05        2.495672e-05            17
     913        4.374921e+06        3.589228e-05        2.210240e-05        2.488164e-05            17
     914        4.405234e+06        3.544497e-05        2.196776e-05        2.480706e-05            17
     915        4.307482e+06        3.315522e-05        2.057242e-05        2.349089e-05            16
     916        4.177196e+06        3.104470e-05        1.977564e-05        2.296932e-05            16
     917        4.231701e+06        3.105643e-05        1.978396e-05        2.297903e-05            16
     918        4.398870e+06        3.233055e-05        2.027088e-05        2.330472e-05            16
     919        4.558592e+06        3.340826e-05        2.068411e-05        2.358125e-05            16
     920        4.724169e+06        3.487790e-05        2.182086e-05        2.476131e-05            17
     921        4.897395e+06        3.645412e-05        2.231985e-05        2.507076e-05            17
     922        5.259942e+06        4.044385e-05        2.421168e-05        2.641376e-05            18
     923        5.682027e+06        4.486100e-05        2.645031e-05        2.796101e-05            19
     924        5.884398e+06        4.641646e-05        2.707057e-05        2.831406e-05            19
     925        6.017870e+06        4.712253e-05        2.736960e-05        2.848147e-05            19
     926        6.171266e+06        4.802319e-05        2.773962e-05        2.869244e-05            19
     927        6.284502e+06        4.845401e-05        2.792681e-05        2.879999e-05            19
     928        6.387534e+06        4.876140e-05        2.805050e-05        2.888034e-05            19
     929        6.558815e+06        4.976840e-05        2.844196e-05        2.911684e-05            19
     930        6.684278e+06        5.027030e-05        2.874034e-05        3.015351e-05            20
     931        6.609404e+06        4.873213e-05        2.798355e-05        2.891045e-05            19
     932        6.542677e+06        4.727110e-05        2.741566e-05        2.859866e-05            19
     933        6.630417e+06        4.741446e-05        2.745537e-05        2.864250e-05            19
     934        6.711313e+06        4.748248e-05        2.748380e-05        2.866956e-05            19
     935        6.809525e+06        4.772196e-05        2.756232e-05        2.873482e-05            19
     936        6.745463e+06        4.633479e-05        2.698120e-05        2.844025e-05            19
     937        6.607254e+06        4.418541e-05        2.564947e-05        2.734669e-05            18
     938        6.726066e+06        4.466782e-05        2.628988e-05        2.809757e-05            19
     939        6.824528e+06        4.493295e-05        2.636079e-05        2.816775e-05            19
     940        7.029260e+06        4.622821e-05        2.685526e-05        2.846497e-05            19
     941        7.373252e+06        4.878160e-05        2.757896e-05        2.833802e-05            20
     942        7.642071e+06        5.031595e-05        2.817009e-05        2.866591e-05            20
     943        7.825489e+06        5.095658e-05        2.823690e-05        2.807840e-05            21
     944        8.001050e+06        5.152813e-05        2.848619e-05        2.819699e-05            21
     945        8.306613e+06        5.281719e-05        2.897285e-05        2.846212e-05            21
     946        8.516734e+06        5.351586e-05        2.929233e-05        2.861000e-05            21
     947        8.598984e+06        5.350571e-05        2.931918e-05        2.861234e-05            21
     948        8.674227e+06        5.345657e-05        2.932425e-05        2.860664e-05            21
     949        8.847988e+06        5.392536e-05        2.950565e-05        2.870853e-05            21
     950        9.013680e+06        5.433500e-05        2.964355e-05        2.879904e-05            21
     951        9.012161e+06        5.389064e-05        2.947504e-05        2.871016e-05            21
     952        9.169122e+06        5.424852e-05        2.962121e-05        2.878985e-05            21
     953        9.434653e+06        6.753328e-04        5.926070e-05        2.976940e-05            22
     954        9.439428e+06        5.472111e-05        2.981538e-05        2.889940e-05            21
     955        9.326345e+06        5.374819e-05        2.946436e-05        2.869835e-05            21
     956        9.299695e+06        5.319316e-05        2.928783e-05        2.858765e-05            21
     957        9.488295e+06        5.369975e-05        2.945443e-05        2.913497e-05            21
     958        9.646710e+06        5.404443e-05        2.956977e-05        2.877385e-05            21
     959        9.644442e+06        5.362172e-05        2.943804e-05        2.914514e-05            21
     960        9.598730e+06        5.299188e-05        2.914925e-05        3.008580e-05            21
     961        9.696333e+06        5.305185e-05        2.920741e-05        3.010488e-05            21
     962        9.989932e+06        7.033900e-04        6.029232e-05        3.186752e-05            22
     963        1.025502e+07        7.063240e-04        6.071959e-05        3.209918e-05            22
     964        1.050158e+07        7.059482e-04        6.123535e-05        3.230154e-05            22
     965        1.073438e+07        7.101533e-04        6.154320e-05        3.248170e-05            22
     966        1.092670e+07        7.093821e-04        6.916142e-05        3.424670e-05            23
     967        1.108570e+07        7.170854e-04        6.210216e-05        3.269369e-05            22
     968        1.116763e+07        7.210831e-04        6.224097e-05        3.268526e-05            22
     969        1.119702e+07        7.257300e-04        6.233122e-05        3.261561e-05            22
     970        1.127471e+07        7.283122e-04        6.250710e-05        3.260315e-05            22
     971        1.143396e+07        7.295517e-04        6.274876e-05        3.268509e-05            22
     972        1.157222e+07        7.344493e-04        6.295817e-05        3.274174e-05            22
     973        1.165328e+07        7.378955e-04        6.309428e-05        3.273221e-05            22
     974        1.177284e+07        7.420043e-04        6.329254e-05        3.276621e-05            22
     975        1.194074e+07        7.346220e-04        7.131725e-05        3.452305e-05            23
     976        1.215049e+07        7.443111e-04        7.127373e-05        3.463364e-05            23
     977        1.227653e+07        7.516620e-04        6.402879e-05        3.296996e-05            22
     978        1.224149e+07        7.550354e-04        6.406068e-05        3.288566e-05            22
     979        1.222515e+07        7.567246e-04        6.407694e-05        3.276939e-05            22
     980        1.230380e+07        7.579418e-04        6.426323e-05        3.275703e-05            22
     981        1.248872e+07        7.598898e-04        7.209881e-05        3.452691e-05            23
     982        1.263885e+07        7.637039e-04        7.231417e-05        3.459789e-05            23
     983        1.274872e+07        7.689114e-04        6.491409e-05        3.293932e-05            22
     984        1.283959e+07        7.688853e-04        7.276510e-05        3.461864e-05            23
     985        1.305161e+07        7.684352e-04        7.318285e-05        3.468303e-05            23
     986        1.344213e+07        7.754737e-04        7.336972e-05        3.483985e-05            23
     987        1.386422e+07        7.786402e-04        7.379941e-05        3.501238e-05            23
     988        1.412645e+07        7.838851e-04        7.420445e-05        3.510027e-05            23
     989        1.421627e+07        7.862061e-04        7.426851e-05        3.509668e-05            23
     990        1.431558e+07        7.932317e-04        7.444681e-05        3.509795e-05            23
     991        1.451309e+07        7.997848e-04        6.696857e-05        3.341571e-05            22
     992        1.465087e+07        7.994854e-04        6.699292e-05        3.343307e-05            22
     993        1.467249e+07        7.996346e-04        6.690617e-05        3.339579e-05            22
     994        1.469530e+07        7.997322e-04        6.682846e-05        3.335998e-05            22
     995        1.481015e+07        7.995327e-04        6.682954e-05        3.336667e-05            22
     996        1.513149e+07        7.986459e-04        7.456451e-05        3.519632e-05            23
     997        1.561770e+07        7.970905e-04        7.484918e-05        3.532553e-05            23
     998        1.588120e+07        7.961194e-04        7.497426e-05        3.538015e-05            23
     999        1.589052e+07        7.964904e-04        7.485290e-05        3.534832e-05            23
    1000        1.578084e+07        7.972584e-04        7.463978e-05        3.527815e-05            23
    1001        1.607638e+07        7.963143e-04        7.477570e-05        3.534174e-05            23
    1002        1.649683e+07        7.943391e-04        7.506144e-05        3.544733e-05            23
    1003        1.647934e+07        7.950120e-04        7.490270e-05        3.540645e-05            23
    1004        1.626233e+07        7.964046e-04        7.458522e-05        3.530254e-05            23
    1005        1.648312e+07        7.957817e-04        7.465460e-05        3.534040e-05            23
    1006        1.699185e+07        7.933269e-04        7.501818e-05        3.547160e-05            23
    1007        1.720917e+07        7.923296e-04        7.511221e-05        3.550830e-05            23
    1008        1.725186e+07        7.927309e-04        7.500910e-05        3.548734e-05            23
    1009        1.740475e+07        7.922507e-04        7.502971e-05        3.550249e-05            23
    1010        1.768262e+07        7.906174e-04        7.519781e-05        3.555834e-05            23
    1011        1.799471e+07        7.882344e-04        7.925600e-05        3.783707e-05            24
    1012        1.823902e+07        7.863104e-04        7.938029e-05        3.788456e-05            24
    1013        1.833868e+07        7.863941e-04        7.931615e-05        3.788081e-05            24
    1014        1.827158e+07        7.885820e-04        7.904523e-05        3.781954e-05            24
    1015        1.823281e+07        7.900032e-04        7.505185e-05        3.556170e-05            23
    1016        1.853076e+07        7.879342e-04        7.899518e-05        3.783352e-05            24
    1017        1.881752e+07        7.855749e-04        7.916392e-05        3.789369e-05            24
    1018        1.886178e+07        7.863987e-04        7.903113e-05        3.787129e-05            24
    1019        1.894873e+07        7.866110e-04        7.895324e-05        3.786354e-05            24
    1020        1.924839e+07        7.839264e-04        7.913929e-05        3.792699e-05            24
    1021        1.962567e+07        7.791645e-04        7.944332e-05        3.801708e-05            24
    1022        1.996866e+07        7.738604e-04        7.971195e-05        3.809580e-05            24
    1023        2.024449e+07        7.693872e-04        7.988479e-05        3.805188e-05            24
    1024        2.029106e+07        7.714056e-04        7.973850e-05        3.812741e-05            24
    1025        2.018682e+07        7.768081e-04        7.938615e-05        3.805323e-05            24
    1026        2.032667e+07        7.762234e-04        7.937022e-05        3.806183e-05            24
    1027        2.066987e+07        7.705668e-04        7.962971e-05        3.813821e-05            24
    1028        2.080363e+07        7.700861e-04        7.960305e-05        3.814418e-05            24
    1029        2.082648e+07        7.725423e-04        7.942754e-05        3.811344e-05            24
    1030        2.103160e+07        7.702249e-04        7.949624e-05        3.814290e-05            24
    1031        2.134099e+07        7.645714e-04        8.417976e-05        3.983584e-05            25
    1032        2.157624e+07        7.606591e-04        8.424972e-05        3.937360e-05            25
    1033        2.173816e+07        7.591598e-04        8.423124e-05        3.921883e-05            25
    1034        2.189468e+07        7.578357e-04        8.420551e-05        3.908644e-05            25
    1035        2.202710e+07        7.573993e-04        8.415321e-05        3.906742e-05            25
    1036        2.210997e+07        7.587797e-04        8.404776e-05        3.927844e-05            25
    1037        2.225813e+07        7.577895e-04        8.401188e-05        3.918933e-05            25
    1038        2.245217e+07        7.550790e-04        8.402185e-05        3.888155e-05            25
    1039        2.256926e+07        7.552501e-04        8.395287e-05        3.893971e-05            25
    1040        2.277083e+07        7.521544e-04        8.396504e-05        3.858132e-05            25
    1041        2.312807e+07        7.424202e-04        8.389052e-05        3.787176e-05            25
    1042        2.342256e+07        7.353922e-04        8.379222e-05        3.747711e-05            25
    1043        2.371949e+07        7.281004e-04        8.369044e-05        3.702862e-05            25
    1044        2.401787e+07        7.205675e-04        8.358214e-05        3.652225e-05            25
    1045        2.430981e+07        7.131998e-04        8.345321e-05        3.622612e-05            25
    1046        2.460048e+07        7.057413e-04        9.938949e-05        3.846583e-05            26
    1047        2.489179e+07        6.980478e-04        9.953679e-05        3.847700e-05            26
    1048        2.516449e+07        6.913732e-04        9.956670e-05        3.848336e-05            26
    1049        2.540963e+07        6.864987e-04        9.939189e-05        3.848743e-05            26
    1050        2.565519e+07        6.816056e-04        9.921908e-05        3.849089e-05            26
    1051        2.591216e+07        6.758878e-04        9.913860e-05        3.849274e-05            26
    1052        2.616923e+07        6.701189e-04        9.906538e-05        3.849283e-05            26
    1053        2.642613e+07        6.642957e-04        9.899898e-05        3.849083e-05            26
    1054        2.668553e+07        6.581690e-04        9.896827e-05        3.848547e-05            26
    1055        2.694523e+07        6.518564e-04        9.896048e-05        3.847614e-05            26
    1056        2.722195e+07        6.434423e-04        9.919961e-05        3.844842e-05            26
    1057        2.745007e+07        6.400936e-04        9.885151e-05        3.845236e-05            26
    1058        2.767848e+07        6.367472e-04        9.850346e-05        3.845630e-05            26
    1059        2.790717e+07        6.334030e-04        9.815537e-05        3.846024e-05            26
    1060        2.813615e+07        6.300611e-04        9.780730e-05        3.846419e-05            26
    1061        2.836541e+07        6.267216e-04        9.745924e-05        3.846815e-05            26
    1062        2.859497e+07        6.233843e-04        9.711122e-05        3.847211e-05            26
    1063        2.882481e+07        6.200494e-04        9.676319e-05        3.847607e-05            26
    1064        2.905494e+07        6.167168e-04        9.641519e-05        3.848004e-05            26
    1065        2.928535e+07        6.133866e-04        9.606716e-05        3.848401e-05            26
    1066        2.951606e+07        6.100586e-04        9.571915e-05        3.848799e-05            26
    1067        2.974716e+07        6.067351e-04        9.537228e-05        3.849203e-05            26
    1068        2.997844e+07        6.034117e-04        9.502433e-05        3.849602e-05            26
    1069        3.021002e+07        6.000909e-04        9.467642e-05        3.850001e-05            26
    1070        3.044188e+07        5.967723e-04        9.432853e-05        3.850401e-05            26
    1071        3.067403e+07        5.934561e-04        9.398062e-05        3.850801e-05            26
    1072        3.090647e+07        5.901424e-04        9.363277e-05        3.851202e-05            26
    1073        3.113931e+07        5.868330e-04        9.328593e-05        3.851610e-05            26
    1074        3.137234e+07        5.835241e-04        9.293809e-05        3.852012e-05            26
    1075        3.160565e+07        5.802175e-04        9.259027e-05        3.852414e-05            26
    1076        3.183925e+07        5.769134e-04        9.224243e-05        3.852817e-05            26
    1077        3.207326e+07        5.736137e-04        9.189569e-05        3.853227e-05            26
    1078        3.230745e+07        5.703145e-04        9.154792e-05        3.853632e-05            26
    1079        3.254192e+07        5.670176e-04        9.120016e-05        3.854036e-05            26
    1080        3.277682e+07        5.637252e-04        9.085348e-05        3.854448e-05            26
    1081        3.301188e+07        5.604333e-04        9.050578e-05        3.854854e-05            26
    1082        3.324724e+07        5.571439e-04        9.015808e-05        3.855261e-05            26
    1083        3.348301e+07        5.538590e-04        8.981143e-05        3.855675e-05            26
    1084        3.371895e+07        5.505746e-04        8.946373e-05        3.856083e-05            26
    1085        3.395518e+07        5.472927e-04        8.911609e-05        3.856491e-05            26
    1086        3.419184e+07        5.440152e-04        8.876949e-05        3.856907e-05            26
    1087        3.442866e+07        5.407383e-04        8.842192e-05        3.857317e-05            26
    1088        3.466591e+07        5.374658e-04        8.807538e-05        3.857734e-05            26
    1089        3.490332e+07        5.341939e-04        8.772786e-05        3.858145e-05            26
    1090        3.514116e+07        5.309265e-04        8.738136e-05        3.858563e-05            26
    1091        3.619100e+07        5.264500e-04        8.697200e-05        3.864852e-05            26
    1092        3.710433e+07        5.226417e-04        8.649300e-05        3.865491e-05            26
    1093        3.801906e+07        5.188372e-04        8.601494e-05        3.866138e-05            26
    1094        3.893507e+07        5.150345e-04        8.553684e-05        3.866786e-05            26
    1095        3.985220e+07        5.112321e-04        8.505769e-05        3.867428e-05            26
    1096        4.077075e+07        5.074334e-04        8.457948e-05        3.868079e-05            26
    1097        4.169042e+07        5.036349e-04        8.410024e-05        3.868723e-05            26
    1098        4.261152e+07        4.998401e-04        8.362193e-05        3.869376e-05            26
    1099        4.353374e+07        4.960456e-04        8.314259e-05        3.870023e-05            26
    1100        4.445741e+07        4.922549e-04        8.266421e-05        3.870678e-05            26
    1101        4.538236e+07        4.884661e-04        8.218574e-05        3.871335e-05            26
    1102        4.630840e+07        4.846776e-04        8.170625e-05        3.871985e-05            26
    1103        4.723592e+07        4.808928e-04        8.122768e-05        3.872644e-05            26
    1104        4.816472e+07        4.771100e-04        8.074907e-05        3.873304e-05            26
    1105        4.909462e+07        4.733276e-04        8.026948e-05        3.873959e-05            26
    1106        5.002600e+07        4.695489e-04        7.979077e-05        3.874621e-05            26
    1107        5.095871e+07        4.657727e-04        7.931043e-05        3.875288e-05            26
    1108        5.189250e+07        4.619971e-04        7.882887e-05        3.875950e-05            26
    1109        5.282780e+07        4.582252e-04        7.834818e-05        3.876620e-05            26
    1110        5.376439e+07        4.544552e-04        7.786746e-05        3.877291e-05            26
    1111        5.470230e+07        4.506873e-04        7.738672e-05        3.882736e-05            26
    1112        5.564127e+07        4.469199e-04        7.690499e-05        3.889073e-05            26
    1113        5.658178e+07        4.431562e-04        7.642418e-05        3.895388e-05            26
    1114        5.752359e+07        4.393945e-04        7.594329e-05        3.901718e-05            26
    1115        5.846671e+07        4.356348e-04        7.546237e-05        3.908061e-05            26
    1116        5.941114e+07        4.318773e-04        7.498594e-05        3.914417e-05            26
    1117        6.035689e+07        4.281217e-04        7.452775e-05        3.920788e-05            26
    1118        6.130395e+07        4.243684e-04        7.406958e-05        3.927172e-05            26
    1119        6.225207e+07        4.206156e-04        7.361063e-05        3.933604e-05            26
    1120        6.320176e+07        4.168664e-04        7.315244e-05        3.940017e-05            26
    1121        6.415278e+07        4.131193e-04        7.269428e-05        3.946443e-05            26
    1122        6.510512e+07        4.093743e-04        7.223610e-05        3.952884e-05            26
    1123        6.605878e+07        4.056314e-04        7.177795e-05        3.959339e-05            26
    1124        6.701377e+07        4.018906e-04        7.131978e-05        3.965809e-05            26
    1125        6.797009e+07        3.981520e-04        7.086165e-05        3.972292e-05            26
    1126        6.892775e+07        3.944155e-04        7.040351e-05        3.978790e-05            26
    1127        6.988673e+07        3.906812e-04        6.994534e-05        3.985304e-05            26
    1128        7.084706e+07        3.869490e-04        6.948720e-05        3.991832e-05            26
    1129        7.180873e+07        3.832190e-04        6.902907e-05        3.998374e-05            26
    1130        7.277173e+07        3.794911e-04        6.857095e-05        4.004931e-05            26
    1131        7.373607e+07        3.757654e-04        6.811280e-05        4.011504e-05            26
    1132        7.470177e+07        3.720419e-04        6.765468e-05        4.018092e-05            26
    1133        7.566881e+07        3.683205e-04        6.719657e-05        4.024695e-05            26
    1134        7.663754e+07        3.646026e-04        6.673917e-05        4.031279e-05            26
    1135        7.760729e+07        3.608857e-04        6.628107e-05        4.037913e-05            26
    1136        7.857838e+07        3.571709e-04        6.582294e-05        4.044562e-05            26
    1137        7.955084e+07        3.534584e-04        6.536486e-05        4.051227e-05            26
    1138        8.052467e+07        3.497480e-04        6.490678e-05        4.057907e-05            26
    1139        8.149985e+07        3.460398e-04        6.444872e-05        4.064603e-05            26
    1140        8.247640e+07        3.423339e-04        6.399066e-05        4.071315e-05            26
    1141        8.332442e+07        3.258319e-02        1.268033e-03        4.129261e-05            27
    1142        8.417330e+07        3.232556e-02        1.258118e-03        4.130137e-05            27
    1143        8.502338e+07        3.206788e-02        1.248202e-03        4.131014e-05            27
    1144        8.587468e+07        3.181015e-02        1.238283e-03        4.131893e-05            27
    1145        8.672759e+07        3.155294e-02        1.228385e-03        4.132781e-05            27
    1146        8.758134e+07        3.129510e-02        1.218462e-03        4.133665e-05            27
    1147        8.843631e+07        3.103720e-02        1.208538e-03        4.134551e-05            27
    1148        8.929291e+07        3.077981e-02        1.198633e-03        4.135445e-05            27
    1149        9.015034e+07        3.052180e-02        1.188704e-03        4.130912e-05            27
    1150        9.100900e+07        3.026372e-02        1.178773e-03        4.137227e-05            27
    1151        9.186931e+07        3.000615e-02        1.168862e-03        4.138129e-05            27
    1152        9.273045e+07        2.974795e-02        1.158927e-03        4.139026e-05            27
    1153        9.359282e+07        2.948969e-02        1.148989e-03        4.139925e-05            27
    1154        9.445687e+07        2.923191e-02        1.139070e-03        4.140833e-05            27
    1155        9.532175e+07        2.897354e-02        1.129129e-03        4.141737e-05            27
    1156        9.618830e+07        2.871562e-02        1.119205e-03        4.142650e-05            27
    1157        9.705567e+07        2.845709e-02        1.109257e-03        4.143558e-05            27
    1158        9.792428e+07        2.819848e-02        1.099307e-03        4.144469e-05            27
    1159        9.879461e+07        2.794034e-02        1.089375e-03        4.145390e-05            27
    1160        9.966576e+07        2.768160e-02        1.079421e-03        4.146306e-05            27
    1161        1.005386e+08        2.742330e-02        1.069483e-03        4.147231e-05            27
    1162        1.014123e+08        2.716439e-02        1.059522e-03        4.148152e-05            27
    1163        1.022877e+08        2.690593e-02        1.049579e-03        4.149083e-05            27
    1164        1.031639e+08        2.664688e-02        1.039613e-03        4.150009e-05            27
    1165        1.040418e+08        2.638825e-02        1.029663e-03        4.150945e-05            27
    1166        1.049211e+08        2.612953e-02        1.019710e-03        4.151883e-05            27
    1167        1.058011e+08        2.587023e-02        1.009735e-03        4.152817e-05            27
    1168        1.066829e+08        2.561133e-02        9.997757e-04        4.153761e-05            27
    1169        1.075655e+08        2.535182e-02        9.897934e-04        4.154701e-05            27
    1170        1.084500e+08        2.509276e-02        9.798279e-04        4.155650e-05            27
    1171        1.093357e+08        2.483357e-02        9.698582e-04        4.111473e-05            27
    1172        1.102222e+08        2.457381e-02        9.598665e-04        4.027674e-05            27
    1173        1.111105e+08        2.431443e-02        9.498896e-04        3.944012e-05            27
    1174        1.120001e+08        2.405496e-02        9.399095e-04        3.860442e-05            27
    1175        1.128905e+08        2.379488e-02        9.299063e-04        3.776918e-05            27
    1176        1.137827e+08        2.353520e-02        9.199186e-04        3.693472e-05            27
    1177        1.146763e+08        2.327539e-02        9.099262e-04        3.692535e-05            27
    1178        1.155706e+08        2.301501e-02        8.999121e-04        3.693239e-05            27
    1179        1.164668e+08        2.275498e-02        8.899117e-04        3.693956e-05            27
    1180        1.173644e+08        2.249486e-02        8.799077e-04        3.694675e-05            27
    1181        1.182632e+08        2.223460e-02        8.698989e-04        3.695398e-05            27
    1182        1.191634e+08        2.197424e-02        8.598864e-04        3.696123e-05            27
    1183        1.200644e+08        2.171327e-02        8.498511e-04        3.696840e-05            27
    1184        1.209673e+08        2.145267e-02        8.398297e-04        3.697572e-05            27
    1185        1.218715e+08        2.119193e-02        8.298036e-04        3.698305e-05            27
    1186        1.227771e+08        2.093105e-02        8.197722e-04        3.699042e-05            27
    1187        1.236841e+08        2.067005e-02        8.097365e-04        3.699782e-05            27
    1188        1.245924e+08        2.040893e-02        7.996960e-04        3.700525e-05            27
    1189        1.255020e+08        2.014764e-02        7.896501e-04        3.701270e-05            27
    1190        1.264125e+08        1.988580e-02        7.795829e-04        3.702008e-05            27
    1191        1.271829e+08        1.966974e-02        7.712652e-04        3.702565e-05            27
    1192        1.279544e+08        1.945359e-02        7.629445e-04        3.703124e-05            27
    1193        1.287269e+08        1.923735e-02        7.546202e-04        3.630098e-05            27
    1194        1.295004e+08        1.902104e-02        7.462934e-04        3.528803e-05            27
    1195        1.302749e+08        1.880464e-02        7.379636e-04        3.427513e-05            27
    1196        1.310505e+08        1.858816e-02        7.296307e-04        3.331997e-05            27
    1197        1.318270e+08        1.837157e-02        7.212940e-04        3.332455e-05            27
    1198        1.326046e+08        1.815491e-02        7.129545e-04        3.332916e-05            27
    1199        1.333832e+08        1.793815e-02        7.046639e-04        3.333379e-05            27
    1200        1.341628e+08        1.772130e-02        6.963800e-04        3.333843e-05            27
    1201        1.349435e+08        1.750436e-02        6.880926e-04        3.334309e-05            27
    1202        1.357259e+08        1.728772e-02        6.798170e-04        3.334790e-05            27
    1203        1.365086e+08        1.707057e-02        6.715221e-04        3.335259e-05            27
    1204        1.372923e+08        1.685334e-02        6.632242e-04        3.335731e-05            27
    1205        1.380771e+08        1.663600e-02        6.549227e-04        3.336205e-05            27
    1206        1.388629e+08        1.641857e-02        6.466177e-04        3.336680e-05            27
    1207        1.396498e+08        1.620104e-02        6.383090e-04        3.337158e-05            27
    1208        1.404377e+08        1.598340e-02        6.299965e-04        3.337637e-05            27
    1209        1.412274e+08        1.576603e-02        6.216941e-04        3.338131e-05            27
    1210        1.420175e+08        1.554817e-02        6.133732e-04        3.268379e-05            27
    1211        1.428085e+08        1.533020e-02        6.050483e-04        3.160022e-05            27
    1212        1.436006e+08        1.511211e-02        5.967195e-04        3.160471e-05            27
    1213        1.443938e+08        1.489392e-02        5.883866e-04        3.160921e-05            27
    1214        1.451888e+08        1.467597e-02        5.800633e-04        3.161387e-05            27
    1215        1.459841e+08        1.445755e-02        5.717221e-04        3.161841e-05            27
    1216        1.467805e+08        1.423901e-02        5.633767e-04        3.162297e-05            27
    1217        1.475779e+08        1.402035e-02        5.550268e-04        3.162755e-05            27
    1218        1.483772e+08        1.380191e-02        5.466854e-04        3.163229e-05            27
    1219        1.491768e+08        1.358301e-02        5.383267e-04        3.163692e-05            27
    1220        1.499774e+08        1.336397e-02        5.299630e-04        3.164156e-05            27
    1221        1.507800e+08        1.314513e-02        5.216409e-04        3.181532e-05            27
    1222        1.515828e+08        1.292583e-02        5.133287e-04        3.209966e-05            27
    1223        1.523875e+08        1.270672e-02        5.050238e-04        3.238365e-05            27
    1224        1.531924e+08        1.248715e-02        4.967016e-04        3.266864e-05            27
    1225        1.539985e+08        1.226744e-02        4.883744e-04        3.295393e-05            27
    1226        1.548065e+08        1.204791e-02        4.800540e-04        3.323887e-05            27
    1227        1.556147e+08        1.182792e-02        4.717159e-04        3.347216e-05            27
    1228        1.564249e+08        1.160807e-02        4.633838e-04        3.347751e-05            27
    1229        1.572354e+08        1.138778e-02        4.550391e-04        3.348275e-05            27
    1230        1.580478e+08        1.116763e-02        4.467700e-04        3.348815e-05            27
    1231        1.588604e+08        1.094704e-02        4.384842e-04        3.349344e-05            27
    1232        1.596751e+08        1.072656e-02        4.302029e-04        3.349889e-05            27
    1233        1.604899e+08        1.050565e-02        4.219053e-04        3.350422e-05            27
    1234        1.613068e+08        1.028485e-02        4.136124e-04        3.350973e-05            27
    1235        1.621239e+08        1.006361e-02        4.053144e-04        3.351511e-05            27
    1236        1.629430e+08        9.842463e-03        3.971073e-04        3.352065e-05            27
    1237        1.637633e+08        9.621150e-03        3.888941e-04        3.352623e-05            27
    1238        1.645837e+08        9.399398e-03        3.806647e-04        3.353168e-05            27
    1239        1.654063e+08        9.177721e-03        3.724384e-04        3.370419e-05            27
    1240        1.662290e+08        8.955624e-03        3.641965e-04        3.354281e-05            27
    1241        1.671078e+08        8.847597e-03        3.601914e-04        3.354513e-05            27
    1242        1.679853e+08        8.739282e-03        3.561668e-04        3.354722e-05            27
    1243        1.688647e+08        8.631198e-03        3.521509e-04        3.354947e-05            27
    1244        1.697439e+08        8.522855e-03        3.481252e-04        3.355156e-05            27
    1245        1.706240e+08        8.414508e-03        3.440994e-04        3.355366e-05            27
    1246        1.715050e+08        8.306143e-03        3.400730e-04        3.355576e-05            27
    1247        1.723878e+08        8.198002e-03        3.360553e-04        3.355801e-05            27
    1248        1.732705e+08        8.089617e-03        3.320285e-04        3.356011e-05            27
    1249        1.741541e+08        7.981219e-03        3.280013e-04        3.356221e-05            27
    1250        1.750395e+08        7.873037e-03        3.239823e-04        3.356447e-05            27
    1251        1.759248e+08        7.764617e-03        3.199545e-04        3.356657e-05            27
    1252        1.768120e+08        7.656406e-03        3.159347e-04        3.356883e-05            27
    1253        1.776991e+08        7.547965e-03        3.119063e-04        3.357094e-05            27
    1254        1.785880e+08        7.439712e-03        3.078849e-04        3.357321e-05            27
    1255        1.794779e+08        7.331449e-03        3.038633e-04        3.357547e-05            27
    1256        1.803675e+08        7.222958e-03        2.998330e-04        3.357759e-05            27
    1257        1.812591e+08        7.114659e-03        2.958102e-04        3.357986e-05            27
    1258        1.821515e+08        7.006333e-03        2.917861e-04        3.358213e-05            27
    1259        1.830438e+08        6.897794e-03        2.877539e-04        3.358425e-05            27
    1260        1.839380e+08        6.789433e-03        2.837284e-04        3.358652e-05            27
    1261        1.848330e+08        6.681052e-03        2.797025e-04        3.358880e-05            27
    1262        1.857290e+08        6.572659e-03        2.756762e-04        3.359108e-05            27
    1263        1.866258e+08        6.464238e-03        2.716488e-04        3.359336e-05            27
    1264        1.875236e+08        6.355800e-03        2.676750e-04        3.359565e-05            27
    1265        1.884222e+08        6.247340e-03        2.637432e-04        3.359793e-05            27
    1266        1.893216e+08        6.138854e-03        2.598106e-04        3.327314e-05            27
    1267        1.902220e+08        6.030360e-03        2.558779e-04        3.203169e-05            27
    1268        1.911233e+08        5.921847e-03        2.519445e-04        3.179895e-05            27
    1269        1.920253e+08        5.813303e-03        2.480098e-04        3.180112e-05            27
    1270        1.929284e+08        5.704743e-03        2.440745e-04        3.180329e-05            27
    1271        1.938322e+08        5.596162e-03        2.401384e-04        3.180547e-05            27
    1272        1.947370e+08        5.487561e-03        2.362016e-04        3.180765e-05            27
    1273        1.956461e+08        5.378932e-03        2.322638e-04        3.180983e-05            27
    1274        1.965635e+08        5.270443e-03        2.283314e-04        3.181217e-05            27
    1275        1.974807e+08        5.161777e-03        2.243923e-04        3.181436e-05            27
    1276        1.983988e+08        5.053089e-03        2.204524e-04        3.181655e-05            27
    1277        1.993180e+08        4.944375e-03        2.165115e-04        3.215588e-05            27
    1278        2.002392e+08        4.835774e-03        2.125749e-04        3.284566e-05            27
    1279        2.011603e+08        4.727008e-03        2.086319e-04        3.353591e-05            27
    1280        2.020835e+08        4.618354e-03        2.046931e-04        3.363295e-05            27
    1281        2.030066e+08        4.509534e-03        2.007480e-04        3.363527e-05            27
    1282        2.039318e+08        4.400823e-03        1.968071e-04        3.363775e-05            27
    1283        2.048568e+08        4.291957e-03        1.928605e-04        3.364008e-05            27
    1284        2.057840e+08        4.183189e-03        1.889178e-04        3.364256e-05            27
    1285        2.067109e+08        4.074272e-03        1.849694e-04        3.364489e-05            27
    1286        2.076401e+08        3.965450e-03        1.810247e-04        3.364738e-05            27
    1287        2.085690e+08        3.856481e-03        1.770744e-04        3.364971e-05            27
    1288        2.095002e+08        3.747598e-03        1.731275e-04        3.365221e-05            27
    1289        2.104323e+08        3.638683e-03        1.691794e-04        3.372805e-05            27
    1290        2.113654e+08        3.529733e-03        1.652299e-04        3.463966e-05            27
    1291        2.113557e+08        3.480616e-03        1.634735e-04        3.526741e-05            27
    1292        2.113472e+08        3.431610e-03        1.617210e-04        3.589486e-05            27
    1293        2.113385e+08        3.382600e-03        1.599678e-04        3.652196e-05            27
    1294        2.113297e+08        3.333600e-03        1.582150e-04        3.714892e-05            27
    1295        2.113208e+08        3.284622e-03        1.564634e-04        3.747696e-05            27
    1296        2.113118e+08        3.235661e-03        1.547127e-04        3.747765e-05            27
    1297        2.113014e+08        3.186615e-03        1.529589e-04        3.747818e-05            27
    1298        2.112922e+08        3.137680e-03        1.512093e-04        3.747886e-05            27
    1299        2.112828e+08        3.088750e-03        1.494677e-04        3.747954e-05            27
    1300        2.112733e+08        3.039829e-03        1.477485e-04        3.756290e-05            27
    1301        2.112638e+08        2.990919e-03        1.460297e-04        3.790036e-05            27
    1302        2.112553e+08        2.942114e-03        1.443147e-04        3.823782e-05            27
    1303        2.112455e+08        2.893230e-03        1.425968e-04        3.857556e-05            27
    1304        2.112356e+08        2.844358e-03        1.408793e-04        3.891328e-05            27
    1305        2.112256e+08        2.795493e-03        1.391620e-04        3.925081e-05            27
    1306        2.112155e+08        2.746636e-03        1.374451e-04        3.958816e-05            27
    1307        2.112052e+08        2.697787e-03        1.357284e-04        3.992533e-05            27
    1308        2.111962e+08        2.649035e-03        1.340153e-04        4.026240e-05            27
    1309        2.111857e+08        2.600210e-03        1.322994e-04        4.059973e-05            27
    1310        2.111751e+08        2.551399e-03        1.305840e-04        4.093719e-05            27
    1311        2.111657e+08        2.502680e-03        1.288720e-04        4.127467e-05            27
    1312        2.111548e+08        2.453892e-03        1.271574e-04        4.161222e-05            27
    1313        2.111439e+08        2.405113e-03        1.254431e-04        4.194968e-05            27
    1314        2.111342e+08        2.356418e-03        1.237320e-04        4.228692e-05            27
    1315        2.111230e+08        2.307657e-03        1.220183e-04        4.243047e-05            27
    1316        2.111131e+08        2.258974e-03        1.203076e-04        4.243215e-05            27
    1317        2.111017e+08        2.210227e-03        1.185944e-04        4.243370e-05            27
    1318        2.110915e+08        2.161562e-03        1.168843e-04        4.243537e-05            27
    1319        2.110798e+08        2.112841e-03        1.151720e-04        4.243691e-05            27
    1320        2.110695e+08        2.064202e-03        1.134628e-04        4.256508e-05            27
    1321        2.110589e+08        2.015571e-03        1.117539e-04        4.287021e-05            27
    1322        2.110470e+08        1.966888e-03        1.100430e-04        4.317597e-05            27
    1323        2.110362e+08        1.918280e-03        1.083348e-04        4.348227e-05            27
    1324        2.110254e+08        1.869683e-03        1.066270e-04        4.378865e-05            27
    1325        2.110131e+08        1.821032e-03        1.049172e-04        4.409466e-05            27
    1326        2.110020e+08        1.772441e-03        1.032096e-04        4.439825e-05            27
    1327        2.109908e+08        1.723842e-03        1.015018e-04        4.469712e-05            27
    1328        2.109795e+08        1.675247e-03        9.979406e-05        4.499506e-05            27
    1329        2.109667e+08        1.626617e-03        9.808493e-05        4.529573e-05            27
    1330        2.109552e+08        1.578057e-03        9.637844e-05        4.559797e-05            27
    1331        2.109436e+08        1.529507e-03        9.467228e-05        4.590106e-05            27
    1332        2.109318e+08        1.480967e-03        9.296647e-05        4.620480e-05            27
    1333        2.109200e+08        1.432440e-03        9.126109e-05        4.640692e-05            27
    1334        2.109080e+08        1.383919e-03        8.955592e-05        4.640980e-05            27
    1335        2.108959e+08        1.335403e-03        8.785095e-05        4.641267e-05            27
    1336        2.108837e+08        1.286896e-03        8.614626e-05        4.641554e-05            27
    1337        2.108713e+08        1.238395e-03        8.444176e-05        4.641841e-05            27
    1338        2.108589e+08        1.189904e-03        8.273763e-05        4.642128e-05            27
    1339        2.108464e+08        1.141423e-03        8.103384e-05        4.642414e-05            27
    1340        2.108337e+08        1.092951e-03        7.933034e-05        4.642699e-05            27
    1341        2.104143e+08        1.079451e-03        7.886554e-05        4.643019e-05            27
    1342        2.099963e+08        1.065988e-03        7.840223e-05        4.643360e-05            27
    1343        2.095766e+08        1.052495e-03        7.793770e-05        4.643689e-05            27
    1344        2.091563e+08        1.039008e-03        7.747337e-05        4.644017e-05            27
    1345        2.087357e+08        1.025533e-03        7.700946e-05        4.644346e-05            27
    1346        2.083159e+08        1.012100e-03        7.654717e-05        4.644686e-05            27
    1347        2.078943e+08        9.986415e-04        7.608386e-05        4.645014e-05            27
    1348        2.074722e+08        9.851893e-04        7.562076e-05        4.645340e-05            27
    1349        2.070511e+08        9.717765e-04        7.515922e-05        4.645681e-05            27
    1350        2.066281e+08        9.583372e-04        7.469657e-05        4.646007e-05            27
    1351        2.062048e+08        9.449072e-04        7.423427e-05        4.646333e-05            27
    1352        2.057822e+08        9.315132e-04        7.377338e-05        4.646672e-05            27
    1353        2.053579e+08        9.180921e-04        7.331140e-05        4.646998e-05            27
    1354        2.049344e+08        9.047071e-04        7.285083e-05        4.647336e-05            27
    1355        2.045092e+08        8.913028e-04        7.238944e-05        4.647662e-05            27
    1356        2.040848e+08        8.779370e-04        7.192956e-05        4.648000e-05            27
    1357        2.036587e+08        8.645531e-04        7.146888e-05        4.648325e-05            27
    1358        2.032334e+08        8.512063e-04        7.100966e-05        4.648662e-05            27
    1359        2.028064e+08        8.378400e-04        7.054961e-05        4.648986e-05            27
    1360        2.023802e+08        8.245069e-04        7.009088e-05        4.649324e-05            27
    1361        2.019535e+08        8.111741e-04        6.963216e-05        4.649660e-05            27
    1362        2.015252e+08        7.978171e-04        6.917245e-05        4.649984e-05            27
    1363        2.010976e+08        7.844879e-04        6.871388e-05        4.650319e-05            27
    1364        2.006696e+08        7.711666e-04        6.825559e-05        4.650656e-05            27
    1365        2.002398e+08        7.578323e-04        6.779668e-05        4.650978e-05            27
    1366        1.998109e+08        7.445339e-04        6.733919e-05        4.651313e-05            27
    1367        1.993815e+08        7.312458e-04        6.688206e-05        4.651649e-05            27
    1368        1.989517e+08        7.179657e-04        6.642522e-05        4.651984e-05            27
    1369        1.985214e+08        7.046917e-04        6.596858e-05        4.652318e-05            27
    1370        1.980893e+08        6.914017e-04        6.551124e-05        4.652640e-05            27
    1371        1.976582e+08        6.781420e-04        6.505511e-05        4.652974e-05            27
    1372        1.972265e+08        6.648879e-04        6.459918e-05        4.653308e-05            27
    1373        1.967943e+08        6.516406e-04        6.414351e-05        4.653642e-05            27
    1374        1.963618e+08        6.384003e-04        6.368807e-05        4.653975e-05            27
    1375        1.959288e+08        6.251677e-04        6.323291e-05        4.654309e-05            27
    1376        1.954952e+08        6.119418e-04        6.277798e-05        4.654641e-05            27
    1377        1.950613e+08        5.987238e-04        6.232334e-05        4.654974e-05            27
    1378        1.946269e+08        5.855113e-04        6.186889e-05        4.655307e-05            27
    1379        1.941921e+08        5.723022e-04        6.141458e-05        4.655639e-05            27
    1380        1.937567e+08        5.590979e-04        6.096042e-05        4.655971e-05            27
    1381        1.933210e+08        5.459011e-04        6.050653e-05        4.656302e-05            27
    1382        1.928860e+08        5.327296e-04        6.005369e-05        4.656647e-05            27
    1383        1.924494e+08        5.195469e-04        5.960030e-05        4.656979e-05            27
    1384        1.920122e+08        5.063714e-04        5.914717e-05        4.657309e-05            27
    1385        1.915746e+08        4.932046e-04        5.869435e-05        4.657640e-05            27
    1386        1.911366e+08        4.800457e-04        5.824180e-05        4.657971e-05            27
    1387        1.906981e+08        4.668942e-04        5.778952e-05        4.658301e-05            27
    1388        1.902604e+08        4.537650e-04        5.733817e-05        4.658644e-05            27
    1389        1.898209e+08        4.406251e-04        5.688630e-05        4.658974e-05            27
    1390        1.893811e+08        4.274917e-04        5.643466e-05        4.659303e-05            27
    1391        1.898525e+08        4.279147e-04        5.646104e-05        4.659456e-05            27
    1392        1.903217e+08        4.284017e-04        5.649420e-05        4.659579e-05            27
    1393        1.907912e+08        4.288893e-04        5.652737e-05        4.659702e-05            27
    1394        1.912623e+08        4.293917e-04        5.656122e-05        4.659839e-05            27
    1395        1.917324e+08        4.298789e-04        5.659437e-05        4.659961e-05            27
    1396        1.922040e+08        4.303809e-04        5.662819e-05        4.660097e-05            27
    1397        1.926747e+08        4.308696e-04        5.666139e-05        4.660220e-05            27
    1398        1.931469e+08        4.313711e-04        5.669519e-05        4.660356e-05            27
    1399        1.936181e+08        4.318521e-04        5.672811e-05        4.660478e-05            27
    1400        1.940910e+08        4.323462e-04        5.676165e-05        4.660613e-05            27
    1401        1.945628e+08        4.328274e-04        5.679458e-05        4.660735e-05            27
    1402        1.950362e+08        4.333248e-04        5.682822e-05        4.660871e-05            27
    1403        1.955086e+08        4.338077e-04        5.686120e-05        4.660992e-05            27
    1404        1.959826e+08        4.343060e-04        5.689487e-05        4.661127e-05            27
    1405        1.964556e+08        4.347893e-04        5.692786e-05        4.661249e-05            27
    1406        1.969302e+08        4.352879e-04        5.696153e-05        4.661384e-05            27
    1407        1.974051e+08        4.357868e-04        5.699521e-05        4.661518e-05            27
    1408        1.978789e+08        4.362701e-04        5.702819e-05        4.661639e-05            27
    1409        1.983544e+08        4.367671e-04        5.706180e-05        4.661774e-05            27
    1410        1.988301e+08        4.372632e-04        5.709537e-05        4.661908e-05            27
    1411        1.993062e+08        4.377590e-04        5.712893e-05        4.662042e-05            27
    1412        1.997812e+08        4.382393e-04        5.716179e-05        4.662162e-05            27
    1413        2.002579e+08        4.387351e-04        5.719534e-05        4.662296e-05            27
    1414        2.007348e+08        4.392313e-04        5.722890e-05        4.662430e-05            27
    1415        2.012120e+08        4.397281e-04        5.726249e-05        4.662564e-05            27
    1416        2.016895e+08        4.402254e-04        5.729608e-05        4.662697e-05            27
    1417        2.021673e+08        4.407229e-04        5.732968e-05        4.662830e-05            27
    1418        2.026441e+08        4.412035e-04        5.736253e-05        4.662950e-05            27
    1419        2.031225e+08        4.416961e-04        5.739595e-05        4.663083e-05            27
    1420        2.036012e+08        4.421872e-04        5.742932e-05        4.663216e-05            27
    1421        2.040801e+08        4.426788e-04        5.746271e-05        4.663348e-05            27
    1422        2.045594e+08        4.431712e-04        5.749611e-05        4.663481e-05            27
    1423        2.050390e+08        4.436645e-04        5.752955e-05        4.663614e-05            27
    1424        2.055188e+08        4.441575e-04        5.756297e-05        4.663746e-05            27
    1425        2.059990e+08        4.446485e-04        5.759632e-05        4.663878e-05            27
    1426        2.064794e+08        4.451389e-04        5.762965e-05        4.664010e-05            27
    1427        2.069602e+08        4.456298e-04        5.766299e-05        4.664142e-05            27
    1428        2.074426e+08        4.461367e-04        5.769705e-05        4.664289e-05            27
    1429        2.079240e+08        4.466271e-04        5.773037e-05        4.664421e-05            27
    1430        2.084056e+08        4.471166e-04        5.776365e-05        4.664552e-05            27
    1431        2.088875e+08        4.476047e-04        5.779689e-05        4.664684e-05            27
    1432        2.093697e+08        4.480922e-04        5.783009e-05        4.664815e-05            27
    1433        2.098522e+08        4.485795e-04        5.786329e-05        4.664946e-05            27
    1434        2.103350e+08        4.490666e-04        5.789648e-05        4.665077e-05            27
    1435        2.108195e+08        4.495698e-04        5.793039e-05        4.665223e-05            27
    1436        2.113029e+08        4.500562e-04        5.796355e-05        4.665353e-05            27
    1437        2.117866e+08        4.505420e-04        5.799668e-05        4.665484e-05            27
    1438        2.122706e+08        4.510271e-04        5.802979e-05        4.665614e-05            27
    1439        2.127562e+08        4.515276e-04        5.806359e-05        4.665759e-05            27
    1440        2.132408e+08        4.520121e-04        5.809667e-05        4.665889e-05            27
    1441        2.320203e+08        5.466573e-04        6.173893e-05        4.670088e-05            27
    1442        2.510752e+08        6.402642e-04        6.534409e-05        4.674371e-05            27
    1443        2.546340e+08        7.660966e-04        7.004054e-05        4.678291e-05            27
    1444        2.423343e+08        9.235968e-04        7.580833e-05        4.681865e-05            27
    1445        2.298250e+08        1.079425e-03        8.151628e-05        4.685525e-05            27
    1446        2.291786e+08        1.284543e-03        8.882152e-05        4.687831e-05            27
    1447        2.285035e+08        1.487593e-03        9.607567e-05        4.690234e-05            27
    1448        4.575861e+08        1.743165e-03        1.052255e-04        4.694544e-05            27
    1449        7.943695e+08        2.042910e-03        1.158373e-04        4.700418e-05            27
    1450        7.503523e+08        2.317735e-03        1.254909e-04        4.705310e-05            27
    1451        7.055515e+08        2.590054e-03        1.350515e-04        4.710293e-05            27
    1452        8.517827e+08        2.910936e-03        1.463525e-04        4.716269e-05            27
    1453        1.064856e+09        3.245019e-03        1.579520e-04        4.460395e-05            27
    1454        1.206106e+09        3.583788e-03        1.696897e-04        4.247755e-05            27
    1455        1.121878e+09        3.941837e-03        1.820365e-04        3.805649e-05            27
    1456        1.036415e+09        4.297358e-03        1.942893e-04        3.412900e-05            27
    1457        9.926692e+08        4.609195e-03        2.050054e-04        3.418201e-05            27
    1458        9.625860e+08        4.905547e-03        2.151748e-04        3.423925e-05            27
    1459        9.695640e+08        5.166215e-03        2.240845e-04        3.337276e-05            27
    1460        1.090572e+09        5.324279e-03        2.293802e-04        3.245378e-05            27
    1461        1.213489e+09        5.481833e-03        2.346577e-04        3.249127e-05            27
    1462        1.431226e+09        5.564827e-03        2.373554e-04        3.253696e-05            27
    1463        1.683730e+09        5.623373e-03        2.392086e-04        3.131866e-05            27
    1464        1.987958e+09        5.631975e-03        2.392974e-04        3.013597e-05            27
    1465        2.441168e+09        5.491905e-03        2.341356e-04        3.025398e-05            27
    1466        2.901574e+09        5.352732e-03        2.291317e-04        3.037210e-05            27
    1467        2.959804e+09        4.951639e-03        2.149732e-04        3.257753e-05            27
    1468        2.881020e+09        4.464331e-03        1.977954e-04        3.302372e-05            27
    1469        2.828096e+09        4.036006e-03        1.827011e-04        3.483915e-05            27
    1470        2.857291e+09        3.782121e-03        1.737676e-04        3.488661e-05            27
    1471        2.886669e+09        3.529171e-03        1.648679e-04        3.493436e-05            27
    1472        2.960077e+09        3.033370e-03        1.474283e-04        3.498393e-05            27
    1473        3.049102e+09        2.457278e-03        1.271657e-04        3.827990e-05            27
    1474        3.172614e+09        1.940904e-03        1.090122e-04        3.925793e-05            27
    1475        3.398701e+09        1.602385e-03        9.713937e-05        3.932027e-05            27
    1476        3.628001e+09        1.264646e-03        8.529470e-05        3.938284e-05            27
    1477        3.730415e+09        9.901070e-04        7.567471e-05        3.980169e-05            27
    1478        3.790370e+09        7.370356e-04        6.681091e-05        4.172118e-05            27
    1479        3.891506e+09        5.075688e-04        5.878035e-05        4.346293e-05            27
    1480        4.116525e+09        1.954637e-02        7.493910e-04        4.483370e-05            28
    1481        4.344535e+09        1.113097e-02        4.434796e-04        4.547331e-05            28
    1482        4.875045e+09        7.002595e-03        2.934271e-04        4.581419e-05            28
    1483        5.513365e+09        4.301175e-03        1.952566e-04        4.605559e-05            28
    1484        6.020161e+09        2.107390e-03        1.153599e-04        4.476563e-05            28
    1485        6.110211e+09        1.513200e-03        9.381245e-05        4.489343e-05            28
    1486        6.201064e+09        9.200961e-04        7.311427e-05        4.502126e-05            28
    1487        6.266163e+09        6.558263e-04        6.393196e-05        4.511237e-05            28
    1488        6.322757e+09        5.012107e-04        5.858830e-05        4.519124e-05            28
    1489        6.377322e+09        3.751434e-04        5.424909e-05        4.526830e-05            28
    1490        6.425137e+09        3.340120e-04        5.289861e-05        4.534178e-05            28
    1491        6.473104e+09        2.929470e-04        5.155050e-05        4.541528e-05            28
    1492        6.464311e+09        2.749229e-04        5.101054e-05        4.549382e-05            28
    1493        6.435774e+09        2.645782e-04        5.073997e-05        4.557405e-05            28
    1494        6.441308e+09        2.559427e-04        5.053037e-05        4.565199e-05            28
    1495        6.552056e+09        2.523987e-04        5.050235e-05        4.572327e-05            28
    1496        6.663804e+09        2.488566e-04        5.047446e-05        4.579456e-05            28
    1497        6.645753e+09        2.457085e-04        5.045432e-05        4.584718e-05            28
    1498        6.583086e+09        2.427393e-04        5.044522e-05        4.591693e-05            28
    1499        6.595047e+09        2.394316e-04        5.042500e-05        4.598674e-05            28
    1500        6.836042e+09        2.351084e-04        5.037134e-05        4.605671e-05            28
    1501        7.079715e+09        2.307873e-04        5.031780e-05        4.612670e-05            28
    1502        7.444504e+09        2.246238e-04        5.020344e-05        4.620317e-05            28
    1503        7.853347e+09        2.178506e-04        5.006901e-05        4.628180e-05            28
    1504        8.127882e+09        2.126110e-04        4.998491e-05        4.635826e-05            28
    1505        7.985244e+09        2.119575e-04        5.005121e-05        4.642817e-05            28
    1506        7.840218e+09        2.113029e-04        5.011753e-05        4.649809e-05            28
    1507        7.834359e+09        2.036575e-04        4.993563e-05        4.656781e-05            28
    1508        7.875375e+09        1.936901e-04        4.967129e-05        4.663745e-05            28
    1509        7.878154e+09        1.863621e-04        4.949537e-05        4.705893e-05            28
    1510        7.765028e+09        1.869278e-04        4.958378e-05        4.730394e-05            28
    1511        7.649957e+09        1.874926e-04        4.967220e-05        4.754899e-05            28
    1512        7.717230e+09        1.838857e-04        4.960548e-05        4.771053e-05            28
    1513        7.846653e+09        1.788927e-04        4.948722e-05        4.784423e-05            28
    1514        7.962276e+09        1.730927e-04        4.934148e-05        4.796958e-05            28
    1515        8.033848e+09        1.648650e-04        4.911293e-05        4.806987e-05            28
    1516        8.105787e+09        1.566449e-04        4.888468e-05        4.817011e-05            28
    1517        8.696606e+09        1.559484e-04        4.890652e-05        4.807838e-05            28
    1518        9.468010e+09        1.577546e-04        4.901167e-05        4.792360e-05            28
    1519        1.035113e+10        1.594630e-04        4.910863e-05        4.773276e-05            28
    1520        1.155475e+10        1.608783e-04        4.918095e-05        4.750161e-05            28
    1521        1.277190e+10        1.622945e-04        4.925334e-05        4.756476e-05            28
    1522        1.423253e+10        1.654882e-04        4.938849e-05        4.763437e-05            28
    1523        1.578688e+10        1.692741e-04        4.954458e-05        4.770613e-05            28
    1524        1.735884e+10        1.730597e-04        4.970069e-05        4.777788e-05            28
    1525        1.894847e+10        1.768449e-04        4.985682e-05        4.784963e-05            28
    1526        1.815891e+10        1.808974e-04        5.001541e-05        4.791749e-05            28
    1527        1.735908e+10        1.849508e-04        5.017406e-05        4.798534e-05            28
    1528        1.654899e+10        1.890040e-04        5.033275e-05        4.805319e-05            28
    1529        1.572859e+10        1.930570e-04        5.049146e-05        4.812104e-05            28
    1530        1.489786e+10        1.971097e-04        5.065020e-05        4.818888e-05            28
    1531        1.470678e+10        2.012329e-04        5.080813e-05        4.825299e-05            28
    1532        1.451275e+10        2.053559e-04        5.096608e-05        4.831710e-05            28
    1533        1.431576e+10        2.094787e-04        5.112406e-05        4.838120e-05            28
    1534        1.411578e+10        2.136011e-04        5.128205e-05        4.844530e-05            28
    1535        1.391283e+10        2.177183e-04        5.143885e-05        4.850688e-05            28
    1536        1.433135e+10        2.214470e-04        5.158470e-05        4.856878e-05            28
    1537        1.475375e+10        2.251756e-04        5.173058e-05        4.863068e-05            28
    1538        1.518004e+10        2.289040e-04        5.187647e-05        4.869257e-05            28
    1539        1.561024e+10        2.326323e-04        5.202239e-05        4.875447e-05            28
    1540        1.604435e+10        2.363603e-04        5.216833e-05        4.881636e-05            28
    1541        1.645118e+10        2.391982e-04        5.228829e-05        4.887344e-05            28
    1542        1.686155e+10        2.420358e-04        5.240825e-05        4.893051e-05            28
    1543        1.727548e+10        2.448735e-04        5.252825e-05        4.898759e-05            28
    1544        1.769298e+10        2.477111e-04        5.264825e-05        4.904466e-05            28
    1545        1.811407e+10        2.505488e-04        5.276830e-05        4.910173e-05            28
    1546        1.823113e+10        2.527836e-04        5.287241e-05        4.915732e-05            28
    1547        1.834858e+10        2.550185e-04        5.297655e-05        4.921292e-05            28
    1548        1.846637e+10        2.572532e-04        5.308070e-05        4.926851e-05            28
    1549        1.858455e+10        2.594882e-04        5.318488e-05        4.932410e-05            28
    1550        1.870309e+10        2.617231e-04        5.328907e-05        4.937969e-05            28
    1551        1.875848e+10        2.631624e-04        5.337329e-05        4.943539e-05            28
    1552        1.881360e+10        2.646019e-04        5.345756e-05        4.949109e-05            28
    1553        1.886842e+10        2.660414e-04        5.354182e-05        4.954679e-05            28
    1554        1.892296e+10        2.674811e-04        5.362611e-05        4.960249e-05            28
    1555        1.897721e+10        2.689208e-04        5.371041e-05        4.965818e-05            28
    1556        1.905365e+10        2.697984e-04        5.377235e-05        4.970694e-05            28
    1557        1.913002e+10        2.706721e-04        5.383360e-05        4.975378e-05            28
    1558        1.920634e+10        2.715459e-04        5.389487e-05        4.980062e-05            28
    1559        1.928260e+10        2.724197e-04        5.395614e-05        4.984745e-05            28
    1560        1.935882e+10        2.732939e-04        5.401745e-05        4.989429e-05            28
    1561        1.930345e+10        2.818276e-04        5.427855e-05        4.994187e-05            28
    1562        1.924676e+10        2.820315e-04        5.432299e-05        4.998815e-05            28
    1563        1.918875e+10        2.822355e-04        5.436746e-05        5.003443e-05            28
    1564        1.912939e+10        2.824396e-04        5.441192e-05        5.008071e-05            28
    1565        1.906871e+10        7.955447e-05        4.600504e-05        4.987399e-05            27
    1566        1.915223e+10        7.961739e-05        4.604074e-05        4.991334e-05            27
    1567        1.923580e+10        7.968028e-05        4.607647e-05        4.995271e-05            27
    1568        1.931941e+10        7.974317e-05        4.611220e-05        4.999208e-05            27
    1569        1.940307e+10        7.980604e-05        4.614794e-05        5.003147e-05            27
    1570        1.948676e+10        7.986892e-05        4.618368e-05        5.007086e-05            27
    1571        1.950755e+10        7.992272e-05        4.621491e-05        5.010619e-05            27
    1572        1.952781e+10        7.997652e-05        4.624613e-05        5.014151e-05            27
    1573        1.954754e+10        8.003030e-05        4.627738e-05        5.017685e-05            27
    1574        1.956675e+10        8.008407e-05        4.630863e-05        5.021220e-05            27
    1575        1.958542e+10        8.013784e-05        4.633989e-05        5.024756e-05            27
    1576        1.950135e+10        8.018794e-05        4.636884e-05        5.027904e-05            27
    1577        1.941586e+10        8.023805e-05        4.639779e-05        5.031052e-05            27
    1578        1.932894e+10        8.028815e-05        4.642675e-05        5.034199e-05            27
    1579        1.924062e+10        8.033823e-05        4.645573e-05        5.037350e-05            27
    1580        1.915085e+10        8.038832e-05        4.648470e-05        5.040500e-05            27
    1581        1.936499e+10        8.043732e-05        4.651311e-05        5.043647e-05            27
    1582        1.958035e+10        8.048631e-05        4.654154e-05        5.046795e-05            27
    1583        1.979691e+10        8.053530e-05        4.656997e-05        5.049944e-05            27
    1584        2.001467e+10        8.058428e-05        4.659840e-05        5.053093e-05            27
    1585        2.023365e+10        8.063326e-05        4.662684e-05        5.056243e-05            27
    1586        2.024389e+10        8.067750e-05        4.665231e-05        5.059000e-05            27
    1587        2.025359e+10        8.072172e-05        4.667780e-05        5.061759e-05            27
    1588        2.026272e+10        8.076594e-05        4.670328e-05        5.064518e-05            27
    1589        2.027128e+10        8.081017e-05        4.672876e-05        5.067276e-05            27
    1590        2.027930e+10        8.085438e-05        4.675426e-05        5.070037e-05            27
    1591        2.033482e+10        8.089060e-05        4.677525e-05        5.072393e-05            27
    1592        2.039018e+10        8.092683e-05        4.679624e-05        5.074748e-05            27
    1593        2.044539e+10        8.096304e-05        4.681724e-05        5.077106e-05            27
    1594        2.050043e+10        8.099926e-05        4.683824e-05        5.079463e-05            27
    1595        2.055532e+10        8.103546e-05        4.685926e-05        5.081822e-05            27
    1596        2.054700e+10        8.106693e-05        4.687728e-05        5.083788e-05            27
    1597        2.053802e+10        8.109839e-05        4.689531e-05        5.085754e-05            27
    1598        2.052838e+10        8.112986e-05        4.691334e-05        5.087719e-05            27
    1599        2.051810e+10        8.116132e-05        4.693138e-05        5.089687e-05            27
    1600        2.050716e+10        8.119277e-05        4.694942e-05        5.091654e-05            27
    1601        2.062492e+10        8.121733e-05        4.696356e-05        5.093220e-05            27
    1602        2.074303e+10        8.124187e-05        4.697772e-05        5.094788e-05            27
    1603        2.086147e+10        8.126642e-05        4.699187e-05        5.096356e-05            27
    1604        2.098025e+10        8.129096e-05        4.700603e-05        5.097924e-05            27
    1605        2.109937e+10        8.131550e-05        4.702018e-05        5.099492e-05            27
    1606        2.123417e+10        8.133421e-05        4.703407e-05        5.100665e-05            27
    1607        2.136942e+10        8.135292e-05        4.704466e-05        5.101838e-05            27
    1608        2.150511e+10        8.137162e-05        4.705524e-05        5.103012e-05            27
    1609        2.164125e+10        8.139032e-05        4.706584e-05        5.104186e-05            27
    1610        2.177784e+10        8.140902e-05        4.707643e-05        5.105360e-05            27
    1611        2.175029e+10        8.142771e-05        4.708707e-05        5.106534e-05            27
    1612        2.172199e+10        8.144640e-05        4.709772e-05        5.107709e-05            27
    1613        2.169296e+10        8.146509e-05        4.710837e-05        5.108884e-05            27
    1614        2.166318e+10        8.148378e-05        4.711903e-05        5.110060e-05            27
    1615        2.163267e+10        8.150246e-05        4.712968e-05        5.111236e-05            27
    1616        2.163571e+10        8.150951e-05        4.713339e-05        5.111618e-05            27
    1617        2.163828e+10        8.151655e-05        4.713710e-05        5.112001e-05            27
    1618        2.164036e+10        8.152360e-05        4.714081e-05        5.112383e-05            27
    1619        2.164197e+10        8.153064e-05        4.714453e-05        5.112767e-05            27
    1620        2.164309e+10        8.153768e-05        4.714825e-05        5.113150e-05            27
    1621        2.162870e+10        8.154362e-05        4.715148e-05        5.113530e-05            27
    1622        2.161373e+10        8.154957e-05        4.715471e-05        5.113911e-05            27
    1623        2.159817e+10        8.155551e-05        4.715795e-05        5.114291e-05            27
    1624        2.158204e+10        8.156145e-05        4.716119e-05        5.114672e-05            27
    1625        2.156532e+10        8.156739e-05        4.716443e-05        5.115053e-05            27
    1626        2.150082e+10        8.156859e-05        4.716484e-05        5.115042e-05            27
    1627        2.143545e+10        8.156979e-05        4.716525e-05        5.115031e-05            27
    1628        2.136919e+10        8.157098e-05        4.716567e-05        5.115020e-05            27
    1629        2.130206e+10        8.157218e-05        4.716609e-05        5.115010e-05            27
    1630        2.123405e+10        8.157337e-05        4.716651e-05        5.115000e-05            27
    1631        2.124932e+10        8.156766e-05        4.716287e-05        5.114589e-05            27
    1632        2.126425e+10        8.156194e-05        4.715923e-05        5.114178e-05            27
    1633        2.127886e+10        8.155623e-05        4.715560e-05        5.113767e-05            27
    1634        2.129313e+10        8.155051e-05        4.715196e-05        5.113357e-05            27
    1635        2.130707e+10        8.154479e-05        4.714833e-05        5.112947e-05            27
    1636        2.130752e+10        8.153907e-05        4.714471e-05        5.112537e-05            27
    1637        2.130755e+10        8.153335e-05        4.714109e-05        5.112128e-05            27
    1638        2.130718e+10        8.152763e-05        4.713747e-05        5.111718e-05            27
    1639        2.130638e+10        8.152190e-05        4.713386e-05        5.111309e-05            27
    1640        2.130518e+10        8.151618e-05        4.713024e-05        5.110900e-05            27
    1641        2.118074e+10        8.149882e-05        4.711975e-05        5.109698e-05            27
    1642        2.105519e+10        8.148145e-05        4.710927e-05        5.108495e-05            27
    1643        2.092852e+10        8.146409e-05        4.709878e-05        5.107293e-05            27
    1644        2.080074e+10        8.144672e-05        4.708830e-05        5.106090e-05            27
    1645        2.067184e+10        8.142935e-05        4.707782e-05        5.104888e-05            27
    1646        2.069358e+10        8.141198e-05        4.706735e-05        5.103686e-05            27
    1647        2.071508e+10        8.139461e-05        4.705689e-05        5.102485e-05            27
    1648        2.073634e+10        8.137724e-05        4.704642e-05        5.101283e-05            27
    1649        2.075736e+10        8.135986e-05        4.703596e-05        5.100082e-05            27
    1650        2.077814e+10        8.134249e-05        4.702550e-05        5.098881e-05            27
    1651        2.085933e+10        8.131348e-05        4.700814e-05        5.096886e-05            27
    1652        2.094062e+10        8.128446e-05        4.699078e-05        5.094891e-05            27
    1653        2.102200e+10        8.125545e-05        4.697343e-05        5.092896e-05            27
    1654        2.110347e+10        8.122643e-05        4.695607e-05        5.090902e-05            27
    1655        2.118504e+10        8.119742e-05        4.693872e-05        5.088907e-05            27
    1656        2.117330e+10        8.117422e-05        4.692482e-05        5.087310e-05            27
    1657        2.116114e+10        8.115102e-05        4.691092e-05        5.085713e-05            27
    1658        2.114858e+10        8.112782e-05        4.689702e-05        5.084116e-05            27
    1659        2.113560e+10        8.110461e-05        4.688312e-05        5.082519e-05            27
    1660        2.112222e+10        8.108141e-05        4.686923e-05        5.080922e-05            27
    1661        2.102675e+10        8.104765e-05        4.684894e-05        5.078536e-05            27
    1662        2.093047e+10        8.101389e-05        4.682866e-05        5.076149e-05            27
    1663        2.083338e+10        8.098013e-05        4.680838e-05        5.073763e-05            27
    1664        2.073548e+10        8.094637e-05        4.678810e-05        5.071376e-05            27
    1665        2.063677e+10        8.091261e-05        4.676782e-05        5.068990e-05            27
    1666        2.065449e+10        8.087776e-05        4.674707e-05        5.066600e-05            27
    1667        2.067199e+10        8.084292e-05        4.672633e-05        5.064211e-05            27
    1668        2.068928e+10        8.080807e-05        4.670559e-05        5.061821e-05            27
    1669        2.070634e+10        8.077322e-05        4.668485e-05        5.059431e-05            27

WORST WAVELENGTH BIN BY ABSOLUTE DIFFERENCE
--------------------------------------------------------------------------------------------------------------
Bin                         : 1610
Atmospheric level           : 45
Maximum absolute difference : 2.177783877656e+10
Maximum relative difference : 8.140901812905e-05
Mean relative difference    : 4.707642903487e-05

WORST WAVELENGTH BIN BY RELATIVE DIFFERENCE
--------------------------------------------------------------------------------------------------------------
Bin                         : 1141
Maximum relative difference : 3.258319317770e-02
Mean relative difference    : 1.268033130096e-03
Median relative difference  : 4.129261333181e-05
Meaningful atmospheric levels: 27/57

==============================================================================================================
SELECTED WAVELENGTH-BIN DIAGNOSTICS
==============================================================================================================
     Bin           Ref min           Ref max          Base min          Base max           Max Abs
--------------------------------------------------------------------------------------------------------------
       0      0.000000e+00      0.000000e+00      0.000000e+00      0.000000e+00      0.000000e+00
      10      0.000000e+00      0.000000e+00      0.000000e+00      0.000000e+00      0.000000e+00
      50      0.000000e+00      0.000000e+00      0.000000e+00      0.000000e+00      0.000000e+00
     100      0.000000e+00      0.000000e+00      0.000000e+00      0.000000e+00      0.000000e+00
     200      0.000000e+00      1.325180e+07      0.000000e+00      1.325179e+07      1.199607e+01
     400      0.000000e+00      1.749284e+03      0.000000e+00      1.749284e+03      2.681729e-07
     600      0.000000e+00      1.829543e+07      0.000000e+00      1.829535e+07      7.162297e+01
     800      0.000000e+00      8.327471e+10      0.000000e+00      8.327461e+10      7.602981e+05
    1000      0.000000e+00      5.404272e+11      0.000000e+00      5.404286e+11      1.578084e+07
    1056      0.000000e+00      8.064987e+11      0.000000e+00      8.065017e+11      2.722195e+07
    1100      0.000000e+00      1.300923e+12      0.000000e+00      1.300928e+12      4.445741e+07
    1200      0.000000e+00      3.823568e+12      0.000000e+00      3.823583e+12      1.341628e+08
    1400      0.000000e+00      5.418201e+12      0.000000e+00      5.418219e+12      1.940910e+08
    1600      3.375629e-15      4.973452e+14      3.352316e-15      4.973463e+14      2.050716e+10
    1669      3.677559e-14      5.047519e+14      3.677388e-14      5.047530e+14      2.070634e+10

==============================================================================================================
STAGE-4 ANOMALY REGION CHECK — BINS 950–1250
==============================================================================================================
Bin range examined           : 950–1250
Maximum absolute-difference bin: 1250
Maximum absolute difference  : 1.750395479023e+08
Maximum relative-difference bin: 1141
Maximum relative difference  : 3.258319317770e-02

==============================================================================================================
END OF STAGE 5
==============================================================================================================
